idx,answer
0,"8반 엄마좋은점 1

주어진 일에 대한 책임감이 강한 저는 고등학교 2학년 때 학급회장과 체육부장을 맡으면서 체육대회나 연극제, 자치활동에서 책임감 있게 반 분위기를 주도하곤 했습니다.

또 학급을 대상으로 카카오톡에서 단체 방을 운영하여 학우들이 과제나 준비물을 미리미리 준비할 수 있도록 도와주었고 시험 기간에는 과목별 요점정리를 해서 공유하기도 했습니다. 친구들은 그런 저를 8반 엄마라는 별명으로 부르면서 격려, 응원해주었습니다아쉬운점 1."
1,"작년 가을에 저는 OOO 공장에서 아르바이트했었습니다. 명절이 되면 제품에 대한 수요가 증가했습니다. 첫날 아르바이트에는 많은 인원이 참여했는데도 목표 생산량은 터무니없이 많았습니다. 저는 관행적으로 내려오던 방식을 개선하기 위해 분석을 시작했습니다. 아쉬운점 1

저는 포장작업을 하면서 시간 지연이 되게 하는 요인을 분석했습니다. 요인을 분석해본 결과 수세미와 포장 틀의 마찰 때문에 잘?들어가지 않았고 포장틀이 잘 구부러져서 포장지를 씌우기 어려운 것이 문제였습니다.

저는 포장작업에서 문제가 되는 요인을 관찰, 분석한 뒤 마찰이 발생하는 부위에 유리테이프를 붙이고 포장 틀을 단단한 보드지로 바꾸어 정전기를 방지하자고 제안하였습니다. 처음에 받아들여지지 않았지만 직접 작업과정을 관리자분께 설명하여 변화를 가져올 수 있었습니다.

그 후 현장에서 이를 받아들여 모든 생산 라인에 조치를 취하였고, 이후 제품이 밀리지 않고 빠르게 포장이 될 뿐 아니라 생산 효율도 2% 정도 증가하였습니다. 이러한 변화는 순조로운 생산과정으로 이어졌습니다. 그 결과 그날 저의 개선안으로 목표 물량을 맞출 수 있었습니다.아쉬운점 2"
2,"""부족함은 채워나가는 것""

Field Engineer가 공정에 대한 이해는 문제해결에 가장 중요한 역량입니다. 학부 시절 반도체에 대한 강의를 수강하지 못하여 KOCW를 통해 반도체 기본 지식을 함양하려 노력하였습니다. 또한, 공정에 대해 이해하기 위해 인터넷을 찾아보며 지식을 쌓아갔습니다.

병역특례를 하며 설비유지보수를 하며 설비유지보수에 대한 기본을 함양하였습니다. Soldering Wave 설비를 항상 최상의 상태를 유지하기 위해 설비의 메뉴얼을 보며 숙지하였습니다. 배운 적 없는 메뉴얼을 보며 유지, 보수 및 수리를 하기가 힘들었지만, 부품 하나하나를 찾아보며 문제를 해결해나가는 과정이 즐거웠습니다. 이후엔 저만의 메뉴얼을 작성하여 유지, 보수하기에 한층 더 쉽게 만들었습니다. 또한, 병역특례를 하며 3년이라는 짧은 기간 동안 조직 활동에 필요한 소통, 팀워크 능력을 갖출 수 있었습니다. 업무를 하며 돌발상황을 수차례 경험하며 이에 필요한 대처능력 또한 갖추게 되었습니다."
3,"저는 평소 자동차의 연비에 관련된 기술에 대해 관심을 가지고 있습니다. 현재 세계적으로 에너지에 관련하여 항상 이슈화 되고 있습니다. 자동차의 핵심 연료인 석유의 양이 제한적이다 보니 최대한 적게 사용하는 것은 정말 중요한 사항입니다.

카타르 모터쇼에서 **** 사에서 탄소섬유를 이용해 차체를 제작하여 연비 100km/l를 넘겼다는 기사를 읽은 적이 있습니다. 차체를 최대한 가볍게 하여 연비를 올린 케이스인데 탄소섬유 자체가 굉장히 값비싼 소재이기 때문에 상용화되기는 많이 힘들지만 이 분야 기술이 더 많이 개발되면 100km/l의 연비를 가진 자동차를 실생활에서 보는 것은 꿈은 아닐 것이라 생각합니다.

현대 다이모스에서 생산하고 있는 변속기 역시 이 부분에 굉장히 중요한 역할을 합니다. 현대 다이모스에서 일하며 최고의 변속기를 만드는 과정에 일조하여 연비 높은 자동차를 꿈꾸어 보고 싶습니다."
4,"[현장 업무를 위한 밑거름]
앞서 말씀드린 다양한 아르바이트 외에 다양한 현장 경험이 저의 강점 중 하나입니다. 특히 군 복무 시절 맡았던 감독병 업무 경험은 제가 건설업의 길로 결정하게 해 준 결정적인 경험이었습니다.

군 복무 시절을 미래에 도움이 될 만한 경험을 쌓는 시간으로 만들고 싶었습니다. 다사다난한 과정을 거쳐 감독병을 할 수 있게 되었습니다. 조기 기상을 하며 이른 아침 현장에 투입되어 현장 사람들과 인사를 하고 새로 들어온 자재를 확인하며 일과를 시작하였습니다.

이때 공사와 관련된 다양한 일을 해보았습니다. 공사 서류를 작성하고 공정을 관리하며, 공정에 따른 인력도 관리하였습니다. 때로는 용역 팀이 약속을 지키지 않아 공정이 늦어지고 계속 전화를 걸어 독촉하는 일도 있었고, 경험 많은 아저씨들이 안전 관리 규칙을 지키지 않아 애를 먹은 적도 있습니다.

하지만 이러한 어려움 속에서도 건물이 조금씩 완성되어가는 것을 매일 보면서 신기하면서도 뿌듯함을 느꼈습니다. 특히 사용승인까지 마치고 건물에 불이 들어오고 따뜻한 난방 필름이 깔린 바닥의 온기를 느끼며 행복해하는 사용자들을 보았을 때 건설활동의 보람을 느꼈고 제가 했던 활동들에 대하여 매력을 느꼈습니다.

이때의 경험 이후로 건축 시공의 길을 걷기로 마음먹었고 제 약점인 학과의 불리함을 형틀목공 팀 일용직, 집짓기 봉사활동을 통해 현장에서 건설 활동을 직접 체험해 봄으로써 극복하려고 노력하였습니다. 이러한 경험들은 제가 앞으로 롯데건설에서 현장을 배치 받고 첫 현장 경험을 할 때 큰 도움을 줄 것이라 생각합니다."
5,"""10개의 오류가 만드는 하나의 완성품""

학부 시절 라즈베리파이와 C언어 설계를 통해 ""스마트 CCTV""를 제작한 경험이 있습니다. 사람이 24시간 CCTV를 관제하는 것은 비효율적이기 때문에 위험 상황을 스스로 판단하여 관리자에게 알려주고, 영상을 녹화하는 기능을 구현했습니다.
우선, 라즈베리파이와 카메라를 연결시킨 후 open CV를 사용해 영상처리를 합니다. 물체가 접근하면 영상처리 결과를 메인 서버에 알리고 영상을 보내옵니다. 저는 이 과정에서 라즈베리파이와 메인 서버간의 소켓 통신을 맡아서 C언어로 이를 구현하는 역할을 맡았습니다.좋은점 1

라즈베리파이를 클라이언트로, 팀원의 노트북을 서버로 두고 설계를 진행했고 TCP/IP 프로토콜을 사용했습니다. 무선랜(WIFI)를 사용했고, 영상 스트리밍에는 gstreamer를 사용했습니다. 서버와 클라이언트를 연결하는 것까지는 성공했으나 영상 스트리밍 시에 문제가 있었습니다. 2~3초 정도 짧게 화면이 출력된 후 메모리 관련 오류와 함께 프로그램이 멈추는 것이었습니다. 문제를 해결하기 위해 도서관에서 open CV와 gstreamer에 관한 책을 찾아보았고, 함께 공부하는 사람들에게 조언을 얻기도 했습니다. 노력한 결과 프레임을 가져오는 while 문에서 영상을 가져오기만 하고 release를 시켜주지 않았다는 것을 알았습니다. 이로 인해 메모리 부족이 일어났고 프로그램이 종료 된 것이었습니다. 이후 변수를 release 시켜줌으로써 메모리 부족 문제를 해결할 수 있었습니다.좋은점 2

업무를 하다 보면 개발 과정에서 성공보다 에러 발생율이 더 많을 것이라 생각합니다. 회사의 이전 개발 문서를 꼼꼼히 읽고 파악하여 이러한 오류를 바로 잡고, 선배들의 말씀을 금보다 귀하게 들으며 발전하는 신입사원이 되겠습니다. 아쉬운점 1"
6,"셀트리온헬스케어의 인재상인 '창의성', '원칙 준수', '도전정신', '세계 제일주의'에 크게 공감하며, 그 이념이 반영된 회사의 미래를 구상하게 되었습니다. 이러한 가치를 바탕으로 IT 보안 분야에서 차별화된 전략을 제시하고, 원칙에 따라 엄격하게 업무를 수행하며, 지속적인 도전을 통해 IT 보안 기술의 선진화에 기여하고자 합니다.
제가 이루고 싶은 목표는 셀트리온헬스케어의 IT 보안 체계를 세계 최고 수준으로 끌어올리는 것입니다. 이 목표를 향한 첫걸음으로, 정보 보안 전문가로서의 기본 역량을 끊임없이 향상시키려 합니다. 최신 보안 트렌드와 위협을 이해하고, 이를 적극적으로 도입하여 기업의 정보자산을 보호하는 데 주력할 것입니다.

더 나아가, 셀트리온헬스케어의 IT 보안 전략을 세계적인 수준으로 확장하기 위해, 글로벌 보안 기준 및 규정을 연구하고 이를 기업 내부에 적용하겠습니다. IT 보안 분야의 세계적인 동향을 이해하고 이를 통해 기업의 정보 보안을 한 단계 업그레이드하는 것이 최종 목표입니다."
7,"[독창적 기술 전문성]
열린 사고를 갖는 것이 필요하다고 생각하여 다수의 공모전에 도전하였습니다. 실제로 안전성을 향상한 사다리를 기획하였습니다. 

경사진 곳에서 사다리 배치 문제에 인한 낙마 사고 발생을 막고자 높낮이 조절이 가능하고 밑판의 각도조절이 가능하게끔 사다리를 설계하였습니다. 그리고 Wi-Fi 수신 범위 확장을 위한 증폭기를 기획하였고, 심사위원으로부터 B2B와 B2C에의 응용 가능성을 확인할 수 있었습니다. 

이처럼 공모전을 통해서 어떤 일이든 할 수 있다는 자신감과 융·복합적인 관점을 갖게 되었습니다."
8,"- 프로그래머로서의 일을 하고 싶습니다.
 3년 전 저는 친구들과 재미삼아 조그마한 서비스를 하나 기획했습니다. 수학 공부를 힘들어하는 학생들의 needs를 파악하여 수학질의응답 서비스입니다. 저는 기획과 관리를 도맡아서 했습니다. 비록 기초단계의 기획과 관리였지만 치밀함과 관리의 중요성을 배울 수 있었던 경험이었습니다. 저는 이 서비스를 기획하고 운영하면서 앞으로 ‘서비스’와 ‘솔루션’에 대한 일을 전문적으로 해보고 싶다는 의지가 생겼습니다.

 솔루션은 고객들의 요구를 파악하고 또 그에 따른 소프트웨어 및 하드웨어 기술을 제공하는 분야입니다. 저는 IT분야의 꽃은 솔루션분야라고 생각합니다. 공학도들에겐 기술로서 사람과 세상에 기여하는 것은 숙명과도 같은 일이라고 생각합니다."
9,"[나만의 기획으로 완성한 재능기부]
대학교 2학년 시절, 저는 대학생 금융경제봉사단 활동을 하였습니다. 당시 저는 봉사만 하면 된다는 생각으로 활동에 참가하였고, 금융경제에 대한 재능기부 위주의 커리큘럼을 작성하여 담당 선생님께 제출하였습니다. 하지만 이를 본 담당 선생님께서는 “너무 공부 위주의 수업만 진행되면 아이들이 쉽게 흥미를 잃어버린다”고 조언해주셨습니다.

이에 저는 다른 방법을 생각하게 되었습니다. 저에게 주어진 시간은 16주에 불과했고, 기간 동안 아이들과 친해진 후 금융경제교육을 이수하는 것은 불가능했습니다. 그래서 저는 특기를 살려 금융교육에 체육활동을 추가하였습니다. 그 결과, 시간이 흐를수록 아이들은 제가 기획한 프로그램에 흥미를 느꼈고 저 또한 참된 봉사의 의미를 느낄 수 있었습니다.

시작은 혼란스러웠습니다. 그러나 저만의 프로그램 기획으로 16주 프로그램을 이수하였고, 저는 아이들과 활발한 유대관계를 형성하면서 이후에도 멘토 역할을 하였습니다."
10,"[고객을 대하는 능력. 현장에서 키워왔습니다.]
은행업무에 있어 중요한 것 고객을 대하는 능력입니다. 사람들과 직접 부딪쳐가며 그 능력을 키워왔습니다. 설문조사 아르바이트를 통해 사람들에게 들이대기도 또 거절도 당했습니다.

특히 2013년 12월, 진로 주류만족조사는 과정의 중요성을 알게 해주었습니다. 처음에는 무작정 설문조사를 부탁했습니다. 하지만 완성된 설문지 한 장 없이 욕만 먹었습니다. 문제점을 생각해보니

첫째, 즐겁게 무르익은 술자리에서 어떤 양해도 없이 무작정 분위기를 깬 것입니다. 둘째, 순서도 문제가 있었습니다. 무료안주와 소주를 설문을 해야만 나누어 줬기 때문입니다.

그래서 방법을 조금 바꿔보았습니다. 먼저 테이블에 가서 90도로 인사하며 분위기에 방해되어 정말 죄송하지만 설문 하나 부탁드린다고 양해를 구했습니다. 그리고 무료안주를 드렸습니다. 그랬더니 반감을 가지셨던 손님들도 너그럽게 이해해주셨습니다.

설문이 끝나면 감사 인사와 함께 소주 하나 더 드렸습니다. 그러자 호기심을 보인 다른 테이블에서 먼저 물어보며 설문을 해주었습니다. 한 시간 정도 후, 한 장도 받지 못했던 설문 금방 끝낼 수 있었습니다."
11,"""몸치, 열정으로 한류를 전하다""

2015년 1월 무더운 캄보디아로 약 2주간 해외봉사를 다녀왔습니다. 매일 무더위 속에서 학생들에게 지어줄 도서관 건축을 위해 열심히 움직였습니다. 좋은점 1또한 현지 초등학생들에게 제기차기를 함께 하거나 부채와 탈을 주어 그것을 직접 꾸미게 하는 등의 교육 봉사를 통해 한국의 전통 문화도 알렸습니다. 
 
이 두가지 봉사보다 신체적, 정신적으로 힘들었던 것은 한류를 전하는 문화공연이었습니다. 저희 조가 맡게 된 공연이 아이돌의 춤이었기 때문에 몸치인 저는 무척 걱정이 되었습니다. 걱정만 하기엔 이미 돌이킬 수 없었기에 집에서 거울을 보며 혼자 연습을 하기 시작했습니다. 여러명이 추는 춤이기에 뒤에서 묻어가자라는 생각이 들었지만 연습을 하며 ‘내 인생에서 이런 일이 흔하지 않을텐데 남들보다 열심히 연습해서 제대로 된 무대를 만들어보자’라는 생각이 들었습니다. 하지만 티비에서 보던 화려한 그들의 춤과는 비교도 안될 정도의 모습에 자괴감이 들었습니다. 이에 굴하지 않고 현지에서도 건축봉사를 마치고 저녁 9시부터 연습을 했습니다. 전체 연습이 끝난 후에도 가장 잘 추던 조원에게 코칭을 부탁하여 개별적으로 연습을 하였습니다. 탈진할 만큼 힘이 들 때마다 지금 포기하면 앞으로 닥칠 어려운 일을 어떻게 해낼 수 있을 것인가라는 생각을 하며 버텼습니다. 결국 두 번의 공연에서 실수 없이 성공적으로 무대를 마칠 수 있었고 그저 몇 분짜리 공연이었지만 이는 제 인생에서 가장 성취감 있었던 경험입니다. 몸치였던 제가 많은 사람들 앞에서 무사히 공연을 마칠 수 있었던 것은 목표를 이루기 위한 열정이었습니다."
12,"제 성격의 장점은 주인의식을 갖고 책임감있게 행동한다는 것입니다.

OOOO에서의 아르바이트 근무 당시 제가 주로 담당했던 업무는 고객응대였습니다. 저는 고객에 대해 책임감을 갖고 고객의 니즈를 더욱 세세히 파악하여 고객을 만족시킬 수 있도록 노력하였습니다. 전화응대 또한 제 목소리가 곧 OOOO의 목소리라는 주인의식을 가지고 친절하게 응대하기 위해 노력하였습니다."
13,"1-2년 후에는 더 높은 수준의 보건분야 전문가의 능력을 함양하기 위해 각종 도서를 통한 자기계발(산업안전기사 / 산업위생관리기술사 취득)도 적극적으로 진행하고, 글로벌시대에 만족할 수 있는 엔지니어가 되기 위해 외국어 공부도 꾸준히 진행 할 예정입니다. 또한, 근로자들의 Needs를 만족시켜 줄 수 있고, 보건관리분야의 새로운 자료들을 습득하려고 노력하며, 업무 중에 Issue가 발생될 경우에는 적극적이고 긍정적으로 대응하겠습니다. 무엇보다 보건관리분야가 지원조직임을 명심하고 절대 우위에 있는 상태라고 판단하지 않으며 중대채해처벌법과 보건관리에 관한 전문가가 될 것 입니다."
14,"저는 다른 사람들에게는 소위 '꿀 보직'으로 통하는 'PX병'으로 22개월 간의 군 생활을 하였습니다. 다른 사람들은 ""편했겠다"", ""시간만 채우다 전역하면 그만"" 이라고 하는 군 생활이었지만, 모든 순간, 모든 자리에서 최선을 다하여야만 하는 저로서는 받아들일 수 없는 이야기였습니다. 휴식과 보충을 위해 PX를 방문하는 장병들의 입장에서 더 편리하고 쾌적하게 이용할 수 있는 방법을 고민했습니다. 요즘에는 보편화 되었지만 당시에는 생소했던, 편의점과 같이 냉동고 내에 칸막이를 직접 만들어서 설치하였습니다. 물품이 뒤섞여 정리되지 않던 이전과 확연히 구분되었고, 점장님과 지역본부를 통해 국군복지단에 우수마트 사례로 전달되었고, 그간의 근면한 근무 태도와 공로를 인정받아 전역에 맞춰 복지단으로부터 취업추천서를 받게 되었습니다.
이를 통해, 어떠한 자리에서도 최선을 다한다면 빛을 볼 수 있다는 것을 배우게 되었습니다.아쉬운점 1"
15,"최종 목표는 LG의 생산 장비와 공법의 고도화 및 내재화에 기여하는 것입니다. 외산에 의존하는 생산 요소를 국산화하고 지속 개선하여 경쟁력을 향상시키고 싶습니다. 입사 후, 목표 달성을 위한 세 가지 계획은 다음과 같습니다.

1. 발 빠르게 신기술과 최신 트렌드를 체득하여 개발 간 적용 방안을 강구하고, 협력사 및 고객의 니즈를 명확히 파악하여 목표를 설정하겠습니다.
2. 설계와 해석의 철저한 검증을 통해 실제 구현과 다르지 않게 하여 개발 효율을 높이겠습니다. 이를 통해 장비의 소음 및 진동 절감, 구조 안정성 확보, 냉각 효율 증대를 이루겠습니다.
3. 다양한 분야의 팀원들과 협업하고 문제 발생 시 신속히 해결하기 위해, 기구설계 분야에만 국한되지 않고 장비 전체에 대한 이해를 추구하겠습니다. 이를 위해 LG의 ‘DX대학’교육을 이수하고 SW역량을 키우겠습니다."
16,"[컴퓨터학부를 위하여!]
입학해서부터 지금까지, 컴퓨터학부의 학생이라는 자부심을 가지고 우리 학부의 발전을 위해 많은 노력을 하였습니다. 강한 소속감을 가지고 학부 학생들에게 도움이 되는 일은 기꺼이 자처하였습니다. 누구보다도 우리 학부의 상황을 잘 알고 있으며 많은 학생들과 가까이 지내왔다고 자부합니다.

2012년 한 해 동안 컴퓨터학부 학생회의 홍보기획부장 역할을 맡아 여러 행사를 기획하고 준비하였습니다. 2010년에 컴퓨터공학과와 컴퓨터과학과가 통합되어 IT대학 컴퓨터학부로 명칭은 바뀌었지만, 아직 학생들 사이엔 소통이 부족하여 작은 벽이 있었고, 다양한 학과행사 기획을 통해 이 벽을 허물기 위해 노력 하였습니다. 특히 신입생들이 학교생활에 잘 적응할 수 있도록 도움을 주었습니다. 편입생들과 자율전공에서 우리 학부로 진학한 학생들의 적응을 돕는 행사도 기획하였습니다.

작년 초부터 자발적으로 학생휴게실에 커피 자판기를 설치하고 관리해오고 있습니다. 학생들은 커피를 마시기 위해 먼 거리의 카페까지 가야 하는 불편함이 있었습니다. 저는 복학생실에 수년째 사용하지 않는 버려진 자판기가 있는 것을 기억하고 이 자판기를 사용하여 학생들의 불편함을 해소할 수 있을 것이라 생각하였습니다.

평소에는 이틀에 한 번 재료보충, 청소 관리를 하면 되었지만, 시험 기간에는 사용량이 많아, 하루에 한 번 이상 관리를 해야 했습니다. 단 한 번이라도 자판기 관리가 되지 않으면 학생들이 불편을 겪을 것이라는 책임감을 가지게 되어, 바쁜 일정을 쪼개어 매일 학교에 와서 관리를 하였습니다.

성실히 관리한 결과 다른 과 학생들도 와서 이용할 정도로 반응이 좋았습니다. 지금은 복학생회 소속 다른 학생들도 같이 관리를 도와주며, 컴퓨터학부의 하나의 휴식 문화로 자리 잡게 되었습니다.

졸업 후, SK C&C라는 새로운 조직에 속하게 되면 학부를 위하여 노력하였던 것처럼, 애사심을 가지고 회사의 발전을 위해, 그리고 부서의 화합을 위해 노력할 것입니다."
17,"""능동의 중요성을 깨닫다""

업무 수행에 있어 가장 중요한 것은 '능동의 가치'라고 생각합니다. 능동을 중요시하는 이유는 그 과정을 통해 개인과 팀 모두 목표를 달성하고 성장할 수 있기 때문입니다. 

OOOOOO 안내원으로 근무했던 경험을 통해 본인의 역할에 대한 능동적인 행동이 중요하다는 점을 배웠습니다. 하루는 공연 도중 관람객 한 분이 실신하는 사고가 발생했고, 모두가 당황해서 적절한 조치를 취하지 못하고 있었습니다. 그때, 한 안내원이 쓰러진 관람객의 상태를 확인한 후, 구급차를 불러 빠르게 상황을 수습했고 공연도 무사히 마무리할 수 있었습니다.

이후, OO기업에서 인턴으로 근무하며 능동의 가치를 실천하고자 노력했습니다. 저는 해당 업무에 대한 지시가 없었지만 스스로 회사 웹사이트 리뉴얼 전략을 수립해 기획안을 작성했습니다. 당시 회사의 웹사이트는 고객 관점에서 불편한 점이 존재한다고 판단했기 때문입니다. 팀장님으로부터 허가를 받아 웹사이트 리뉴얼을 진행할 수 있었습니다.
좋은점 1"
18,"[자료구조론 B+, 운영체제론 B0, 데이터베이스론 A+, 프로그래밍 언어론 A+]
4학년 1학기를 마치고 스스로를 돌아보는 시간을 가졌습니다. 이대로 남은 학기를 마치고 입사를 하게 된다면 일 하는 자신이 부끄럽게 느껴질 정도로 전공 지식이 부족하다고 판단하였습니다. 더 이상 고민할 것이 없었으며 1년 휴학을 감행했습니다. 휴학동안 목표는 단 하나 전산학 기초 네 과목의 이론을 확실히 정립하는 것이었습니다.

제가 정한 네 과목은 자료구조론, 운영체제론, 데이터베이스론, 프로그래밍 언어론이었습니다. 1년동안 세부적인 계획을 세워 공부하였습니다. 운영체제론과 데이터베이스론에 조금 더 비중을 두어서 공부하였는데 그 이유는 자료구조론과 프로그래밍 언어론에 비해 범위가 넓고 더욱 중요하다 생각했기 때문입니다."
19,"색만 구분했을 뿐인데
잠실야구장 매표소 직원으로 일했던 시절, 발상의 전환을 통해 관중의 불편함을 최소화했던 경험이 있습니다. 작년 프로야구 시즌이 시작함과 동시에 업무에 투입됐고, 저는 주로 1매표소 예약창구에서 근무했습니다. 모바일 및 인터넷을 통해 예약해 온 관중들이 신속하게 표를 찾고 구장으로 들어갈 수 있도록 도와주는 역할을 했습니다. 구체적인 업무는 티켓 발권을 기본으로 구장 입구 안내, 좌석 안내 등을 담당했습니다.

하지만 예약 전용 창구에는 현장 발권에 필요한 카드 리더기와 현금이 구비되어 있지 않았습니다. 문제는 여기서 시작됐습니다. 판넬로 창구 구분이 되어 있지만, 햇빛으로 인해 명확하게 인지가 되지 않아 현장 발권을 원하는 여러 명의 관중이 창구를 잘못 찾아와 혼선을 빚었던 것입니다. 또한, 관중이 몰리는 바쁜 시간에 이뤄지는 혼란이라 관중들의 불만이 폭주해 관리자가 항상 바빴습니다.

이 문제점을 해결해 관리자와 관중들 모두의 스트레스를 해소해 주고 싶어 대처 방안을 생각했습니다. 바로 창구 바리케이드에 각각 색깔 띠를 붙여 명확하게 창구를 구분하는 것이었습니다. 아주 간단한 방법이지만 이를 통해 도움을 줄 수 있을 것으로 생각해 관리자에게 이 아이디어를 제안했습니다.

저의 아이디어를 긍정적으로 생각해 준 관리자와 함께 창구 바리케이드에 각각 노란색과 빨간색으로 예약 창구와 현장 발권 창구를 구분했습니다.

이처럼 간단한 발상의 전환을 통해 경기장을 찾는 관중들의 불만을 최소화했습니다. 특히 바쁜 시간에 혼란을 최대한으로 줄여 빠른 업무 회전율을 보여 많은 관중이 경기 시작 전에 구장으로 들어가도록 도움을 줬습니다.

입사 후에도 고객과 팀원들이 겪을 불편함을 해소하기 위해 항상 다각도의 시선으로 모든 것을 바라보겠습니다. 그래서 작게나마 모두에게 도움을 줄 수 있는 팀에 긍정적인 에너지를 안겨 주는 사원이 되겠습니다."
20,"[목표를 설정하고 성취해나가는 성실한 도전가]
근면과 정직을 강조하고 중요하게 생각하시는 부모님을 본받아 어린 시절부터 자연스럽게 성실함을 체득하였습니다. 따라서 근면성실을 무기로 변화와 도전을 두려워하지 않는 것이 저의 가장 큰 장점입니다. 대학 내 지적재산권학회 부회장으로서 참여부진으로 해체위기에 빠진 학회를 단합대회와 성공적인 모의재판을 통해 다시 일으켰던 사례와 비전공자를 배제하는 분위기에서도 적극적으로 경제학 수업 팀플레이에 참여하여 팀장의 역할을 수행하며 학기 말 평가에서 당당히 팀플레이 2위라는 소기의 목표를 달성한 사례, 그리고 대학생 봉사단에서 영상팀장을 맡아 CSR 필름페스티벌에 참여하여 활동영상을 제작해 본선에 선발되었던 사례는 저의 도전 정신과 리더십을 보여주는 값진 경험이었습니다.

[위기를 극복하는 긍정]
중학교 1학년 때 경솔한 말실수와 오해로 한 친구에게 상처를 입혔고 그 일로 가장 친했던 친구들과 멀어졌던 시간이 있었습니다. 힘든 시기였지만 오히려 저는 제 단점을 바로잡는 계기로 삼자며 긍정적으로 생각했습니다. 바른 언행과 다른 사람을 배려하고 아끼는 마음을 갖기로 다짐하였고 이를 실천하고자 노력하였습니다. 이후 적극적으로 해명하는 과정을 통해 오해가 풀려 친구와 화해하게 되었고 관계를 다시 회복할 수 있었습니다. 그때 생긴 다른 사람을 먼저 배려하고 소통하려는 자세는 그룹의 장으로서 역할을 수행하는데 도움을 주었습니다."
21,"GS리테일에 관심을 갖게 된 동기는 제가 아르바이트생 시절 때나 간단히 한 끼를 해결하기 위해 편의점 도시락 및 김밥을 이용하면서 입니다. 편의점에서 파는 각종 편의점용 도시락 및 기타 음식들은 학생들, 직장인과 혼족들을 위해 적합한 상품이지만, 나트륨 함량이 적정 기준치 이상이어서 건강에 위험요소로 작용할 것 같단 생각이 들었습니다."
22,"제가 이룬 가장 큰 업적은 처음으로 맡은 업무를 성공적으로 수행한 것입니다. 저는 현재 교육기관에서 국제협력본부 인턴으로 근무하고 있습니다. 입사하면서 맡게 된 업무 중 하나는 주한 대사관 및 명예영사 추천 장학 프로그램을 운영하는 것입니다. 하지만 실무 경험이 없었으며, 학교에서 처음으로 진행하는 프로그램이라 많은 것이 부족했습니다.

하지만 전 지원자들이 겪는 어려움을 신속하고 정확하게 해결해주는 것을 목표로 삼았습니다. 다양한 국적을 가진 외국인들이 문의하면 전 먼저 내부적으로 공유하면서 도움을 받을 수 있는 동료가 누군지 확인했습니다. 해외에서 오직 온라인을 통해 학위를 취득할 수 있냐는 문의를 받은 전 다른 본부에 방문하여 도움을 요청하였고 관련 법령이 아직 준비되지 않아 현실적으로 어렵다는 답변을 받아 학생에게 빠르게 전달할 수 있었습니다.

또한, 학생들의 문의를 문서로 정리해 해당 파일을 프로그램에 관심 있는 학생이 문의할 때마다 전달했습니다. 이는 학생들의 궁금증을 전보다 편리하게 해결할 수 있었고, 부족한 점은 꾸준히 업데이트해 해결할 수 있었습니다. 이후에도 업무를 수행할 때 주기적으로 발전하는 것이 중요하다는 사실을 깨달을 수 있었습니다.

프로그램은 예상보다 많은 인원인 총 8개국에서 추천한 13명의 학생이 지원하는 것으로 마무리되었습니다. 또한, 지원자 대부분이 저에게 헌신적으로 도와줘서 고맙다고 이야기했습니다. 제가 세운 목표를 성공적으로 달성했기 때문에 성취감을 느낄 수 있었습니다. 제가 만약 입사하게 된다면 작을지언정 주기적으로 이루고자 하는 목표를 세워 성취감을 누리도록 노력하겠습니다."
23,"[작은 잠재력에서 큰 가능성을 보기 위하여]

1.유연성 2.전문성 3.성실성 4.적극성

유연성을 첫번째로 꼽고 싶습니다. 그 이유는 유연성이야 말로 오늘날의 투자가가 가져야할 가장 중요한 덕목중에 하나라고 생각합니다.
기업의 적정 주가를 측정함에 있어서 실적의 성장가능성을 기반으로 한 멀티플의 변동은 아주 중요한 요소입니다. 멀티플의 변화에 발 빠르게 대처하기 위해서 바로 유연한 사고가 필수적입니다.

유연한 사고능력은 자신만의 고집에 빠지게 않게 하는 안정장치이며, 새로운 분야에 대한 시장의 평가를 편견 없이 바라보게 하는 거울입니다. 경직된 사고는 나의 경험과 지식에만 의존하게 만듭니다.

진짜 투자자는 시장에 맞써 싸우기 보다는 시장의 목소리에 귀기울일줄 알아야 합니다. 또한 마음의 귀를 열고 경청하는 자세를 통해 작은 잠재력에서 큰 가능성을 발견할 수 있어야 합니다."
24,"저는 빠르진 않지만 천천히, 꾸준히 성장하는 사람입니다. 저를 성장하게 하는 것은 관심과 호기심입니다. 흥미는 제가 맡은 업무에 대해 지속적인 관심을 두게 하고, 관심을 무한한 호기심으로 발전하여 맡은 업무에 대해 집중적으로 생각하고, 분석하며 학습하게 합니다.

이런 과정에서 창의적인 사고가 가능하게 되며 직무에 대해 더욱 깊은 지식과 경험을 쌓게 될 것입니다. 지식과 경험의 축적은 제가 담당 분야의 장인이 되게 하는 원동력이 될 것입니다. 르노삼성자동차에 입사하여 저의 생각을 함께 나누고 싶습니다."
25,"""헌혈 20번 프로젝트""

대학에 입학하면서 우연한 기회에 헌혈에 대한 정보를 접하게 되었습니다. 저희 학교 앞에 있는 헌혈의 집에 친구를 따라 갔다가 갑작스럽게 세운 목표는 '헌혈 20번 프로젝트' 였습니다. 처음 헌혈을 하게 된 후, 학생이라는 신분에서 남에게 베풀 수 있는 가장 좋은 방법이라고 생각을 했습니다. 그래서 이를 잘 활용하고 싶다는 생각을 했고, 목표를 세우게 되었습니다. 학교를 다니면서 졸업 할 때까지, 매년 4번 이상 헌혈을 하겠다는 목표이자 혼자만의 장기 프로젝트를 시작하게 되었습니다.

이 목표를 달성하기 위해서는 건강이 전제 되어야 했습니다. 그래서 바쁜 일상 속에서도 운동을 놓칠 수 없었습니다. 물론 시간이 부족하고 버거운 상황이 있을 때도 있었습니다. 하지만 24시간이 모자란 상황 속에서도 쉬고 싶다는 유혹을 뿌리치고, 목표를 달성하기 위해 시간 단위로 계획을 세우면서 남들보다 하루를 알차게 활용하려고 노력했습니다. 그 결과, 졸업 하기 전까지 총 20번의 헌혈을 하였고, 저의 장기 프로젝트는 성공적으로 마무리 되었습니다.아쉬운점 1

처음에는 남에게 베풀고 싶다는 마음에서 시작한 프로젝트였지만, 저 스스로도 배우고 얻은 점이 많았습니다. 또한, 큰 성취감을 느끼면서 어떤 일이든 할 수 있다는 자신감과 끈기를 얻을 수 있는 좋은 기회였습니다.
아쉬운점 2"
26,"대학에서 강의를 수강하며 배운 전공지식이 실제 직무에서는 어떻게 적용되고 활용되는지 궁금하였습니다. 그래서 직무를 경험해보는 것을 목표로 ****이라는 자동차부품회사에 인턴을 지원하였습니다.

품질부서로 배정받아 주어진 일은 단순한 서류작업과 복사 스캔과 같은 심부름이었습니다. 하지만 낙심하지 않았고 실제 직무를 경험하기 위해서는 업무에 열정을 보여줘야 한다고 생각하여 어떻게 열정을 보여줄지 생각하였습니다. 업무에 책임감을 가지고 있는 것으로 열정을 보여주고 싶었습니다. 주어지는 일을 끝까지 해내 보겠다는 끈기를 발휘하였습니다. 그래서 주어진 일이 밀리지 않도록 하였습니다.

일이 밀리지 않게 하려고 일을 우선순위로 처리하도록 노력하였습니다. 포스트잇이나 다이어리를 활용하여 마감 시간 기준으로 우선순위를 메모했지만, 메모가 없어지거나 깜빡하고 다이어리를 확인하지 못하는 상황이 발생하여 효과를 보지 못하였습니다. 그래서 Outlook의 예약 메일을 활용하였습니다. 메일은 자주 확인하고 또한 알림 기능이 있어 마감 시간을 놓치지 않게 해주었습니다. 이렇게 하여 업무시간을 낭비하지 않았고 마감 시간 안에 업무를 끝내서 남는 시간은 주변 인턴들의 일을 도와줄 수도 있었습니다. 그 결과 ‘성실하네.’라는 말을 자주 듣게 되었고 주변 인턴들이 이 방법을 따라 하여 팀 전체에 도움이 될 수 있었습니다.

그렇게 한 달 정도 끈기 있게 일을 해나갔더니 MD차종 모터의 불량원인을 찾는 프로젝트에 참관할 수 있었습니다. 모터의 이송 시 발생하는 충격이 불량원인으로 판명되었고 이 과정에서 고체역학과 유한요소해석과 같은 전공지식이 활용되는 것을 알 수 있었습니다. 또한, PS모터 소음 진동 TFT활동에도 참여하였습니다. 신제품인 PS차종의 모터의 소음과 진동 수준을 낮추는 것이 목표였습니다. 이 프로젝트에서는 모터의 소음과 진동을 측정하는 NVH 검사를 직접 해볼 수 있었고 여기에는 진동역학과 같은 전공지식이 활용됨을 알 수 있었습니다. 이와 같은 활동으로 전공지식이 실제 직무에서 어떻게 활용되는지 체험할 수 있었습니다."
27,"""컬처 학생기자단 단장""

대학교 2학년 때 컬처 학생기자단에 단장을 수행했습니다. 처음으로 교내 조직에서 리더를 처음 맡았고 첫 단추는 잘 끼우는 것이 중요하다고 생각했습니다. 컬처 학생기자단을 하면서 가장 어려웠던 점은 운영 프로세스를 만들면서 글쓰기 실력과 피드백 실력을 향상시키는 것이었습니다.

컬처 학생기자단은 처음 만들어져서 운영지침이나 시스템이 없었습니다. 그래서 피드백을 어떻게 할 것인지와 사업단에 제출할 양식을 어떻게 만들어야 하는지에 대해 고민이 많았습니다. 팀 회의에서 카페를 통해 지속적인 피드백을 하기로 정했습니다. 카페를 만들 때 기자단 팀원 별로 세분화를 시켰고 월별로 분류했습니다. 전체 공지사항에는 기사 마감시한과 변경사항을 올렸습니다. 사업단 제출양식은 파일에 본인의 이름을 적고 그 안에 기사가 구성되게 했습니다. 기사 파일양식을 인터뷰, 행사 소개 글, 취재 기사로 나눴습니다. 그리고 기사제목을 적게 했습니다. 이러한 운영지침을 팀원들에게 설명했습니다.

글쓰기 실력을 늘려야 제대로 된 피드백을 통해서 팀원들의 기사를 향상시킬 수 있다고 생각했습니다. 그래서 잘하는 팀원의 기사를 지속적으로 보면서 부족했던 점이 무엇인지를 생각했고 보완하기 위해 잘 쓴 기사와 제가 쓴 기사를 비교했습니다. 그리고 표현이 명확했는지 문장이 논리적이었는지 검토를 했습니다. 10월 기사를 제출한 후 저희 기자단의 기사가 부족하다는 말을 들었습니다. 기사 피드백을 처음 할 때 교수님이 학생의 색다른 관점은 살리면서 피드백을 하라고 말했습니다. 하지만 그렇게 피드백을 하니 10월에 제출한 기사는 문맥이나 논리성이 제대로 보이지 않았습니다. 그래서 자유분방함은 추구하되 본인의 생각은 구체적이고 논리적으로 서술하게 했습니다.

그 결과 11월 기사에서는 피드백에 대한 비판이 없었고 저희 팀이 기사 실력이 향상됐다는 평을 들었습니다. 이런 경험을 통해 초창기에 체계를 정확한 분석력을 통해 잘 만드는 것이 좋은 결과물로 이어진다는 것을 배웠습니다."
28,"[사용자 맞춤형 데이트 코스 추천 어플리케이션: 00]
00는 빅 데이터와 데이터마이닝을 접목해 사용자 성향을 분석 후 맞춤형 데이트 코스를 추천해주는 어플리케이션입니다. 데이트를 하기 위해 그 지역의 명소를 검색해보면 대다수가 광고성 글이라서 진위여부를 판단하기 어려운데다 다른 사람들이 설계해놓은 코스를 보면 취향에 맞지 않은 경우가 많아서 결국 직접 일일이 찾아보고 설계하는 경우가 많습니다.
좋은점 1
이를 좀 더 편하고 각자의 취향에 맞게 코스를 설계해주는 서비스를 만들어보자 하는 취지에서 시작하게 되었습니다. 조 회의 시간에 브레인 스토밍을 통해 여러 아이디어를 내었고, 가장 필요성을 느끼고 참신한 것으로 고르자라는 결정 하에 제가 안건을 낸 00가 선택되었습니다. 대규모 프로젝트라 타 프로젝트에 비해 개발 이슈가 많았고 의견 조율 등이 더 어려웠지만 배려하는 자세와 더불어 도움이 필요한 조원이 있으면 적극적으로 나서서 도와 준 덕에 큰 트러블 한 번 나지 않았습니다.

또한 개발 과정에서 기술적으로 어려운 부분이 있었고 아이디어가 구체화되지 않아서 발생하는 문제점들이 있었는데, 조원들끼리 수시로 회의를 열어 아이디어에 대한 논의를 하였고 차선책을 생각해냈습니다. 이러한 노력 끝에 무사히 개발을 완료할 수 있었고, **대학교에서 주최하는 LINC사업단 시상식에서 아이디어 상을 받을 수 있었습니다.

또한 저는 항상 일을 좀 더 효율적으로 할 수 있는 방법이 없을까 생각합니다. 아르바이트를 할 때도 기존의 물건의 위치를 바꾸어 동선을 편리하게 하였습니다. 한 번 물건의 위치가 정해지면 사람들은 거기에 익숙해져서 쉽게 바꾸려고 생각하지 않습니다. 제가 바꾸고 난 뒤로 같이 일하시는 분들 모두가 편리하다며 좋아하셨습니다.

회의 시간이 되면 부끄러워하지 않고 아이디어를 내는 것에 적극적입니다. 다소 엉뚱하다 생각되는 의견도 다듬고 수정을 거치면 좋은 의견이 될 때가 많습니다. 한솔 그룹에 입사해서도 새롭고 가치 있는 서비스를 만들기 위해 노력하겠습니다.아쉬운점 1"
29,"저의 장점은 다른 사람의 입장을 잘 고려하는 점입니다.
모교 홍보대사로서, 학교를 방문하는 고등학생들이 가장 필요로 한 일이 무엇인지를 생각하고 행동하였을 때, 교내 방문을 했던 고등학생 부모님으로부터 학교를 통해 감사의 뜻을 전달받은 경험이 있습니다.
골프클럽에서 근무할 때 역시, 고객들을 유심히 살펴 불편한 점이 있는 고객이 있는지 생각해보고, 어떻게 해결해 줄 수 있을지 생각하며 행동하였습니다. 덕분에 늘 새로운 손님을 맞는 직업 특수성에도 불구하고 즐거운 근무를 할 수 있었습니다.아쉬운점 1
저의 단점은 상대방의 입장을 고려한 행동이 자칫 지나쳐서 부담스럽게 느껴지기도 한다는 점입니다. 진에어를 이용하시는 손님들께 과잉 친절로 보이지 않기 위해 노력하되, 장점을 더욱 살려 친절하고 세심한 지니가 되겠습니다.아쉬운점 2

""최선을 다하는 삶"" 문구는 제 삶의 모토입니다. 아무리 상황이 좋아보여도 마지막 순간까지 끝난 것이 아니기에 자만하지 않아야하고, 역으로 아무리 희망이 없어보이는 상황에서도 최선을 다한다면 끝나는 순간의 상황은 달라질 수 있다는 믿음이 있기 때문입니다. 긍정과 근면을 갖춘, 사려 깊은 지니가 되겠습니다."
30,"OOOO공사에서 1년 6개월여간 지적측량을 수행하여 경계 및 분할, 확정측량을 하였으며 TOSS 및 SIP 프로그램을 이용하여 결과도 및 성과도를 작성하여 시청과 고객에게 제공하였습니다. 

졸업 전에는 엔지니어 회사에서 6개월여간 측량 및 CAD를 이용하여 체육공원조성 및 공장용지, 용인묘지공원, 도시계획도로 설계에 참여하였습니다.

또한, 부동산에 관련하여 대학재학 시 SWOT 분석을 이용한 부동산리모델링, CAD를 이용한 특정 지역의 상권분석 프로젝트를 진행한 경험이 있습니다.

기억에 남는 경험으로 지적공사에서의 지적측량과 엔지니어 회사에서의 토목설계에 따른 지장물조사입니다. 

엔지니어링 회사에서 했던 맡았던 역할 중 대표적으로 수지 레저공원과 용인묘지공원, 용인대 입구 도로 보도블록 재정비, 포곡읍 도시계획도로 등 실측으로 이루어진 데이터로 CAD를 이용하여 토목설계작업을 하였습니다.

포곡읍 도시계획도로 설계 당시에는 실측과 더불어 건축폐기물 수량산출과 지장물조서를 꾸미는 것을 전담하였습니다. 

OOOO공사에 이직 후 1년 6개월여간 근무하면서 3인 1개 조로 고객의 의뢰에 맞춰 대부분 하루 3~4건의 현장을 나갔습니다. 

현장에서 지적현황측량과 경계측량, 아파트 단지를 건설현장에서의 확정측량 등을 하였고 현장에서 관측된 값을 CAD와 유사한 대한지적공사 고유 프로그램을 이용하여 정리하여 소관청에 자료를 보내고 결과도 및 결과부를 작성하여 의뢰한 고객에게 발급하는 업무를 담당하였습니다.

학문으로만 접했던 도시계획과 토지에 관한 사항을 현장에 나가 실제 측량을 하고 설계를 하며 몸으로 부딪히면서 부동산과 토지에 관한 가치와 견해 그리고 개발방향을 생각하는 상상력이 생겨났습니다."
31,"""사람을 알고, 일을 알고, 함께라는 의미를 실천하는 알곡이""

하고자 하는 일은 꼭 해봐야 하는 성격입니다. ‘안 하고 후회하는 것보다, 하면서 즐기고 배우자’라는 말을 가슴속에 기억하고 살고 있습니다. 좋은점 1"
32,"[경기신용보증재단 신한은행과 기술금융 보증지원 업무협약 체결]

도내 기업의 성공적인 발전과 지역경제 활성화를 견인하는 경기신보가 보증기관 최초로 금융기관 특별출연을 통한 기술금융 지원에 나섰다는 8월달의 기사는 경기신보의 설립취지에 맞는 행보입니다.

이 협약을 통해 자금이 필요한 기술성 우수 기업에 대한 지원으로 기업은 자금을 지원받을 수 있고 경기신보는 상생과 동반성장, 창조경제를 이끄는 보증기관이 될 것이라 생각됩니다. 이런 기술 금융 지원 협약과 보증료를 0.2퍼센트 인하해 기업의 부담을 줄여주는 모습은 전국의 기술은 우수하지만 어려움을 겪고 있는 기업들이 경기도에 모여들어 경기도를 작지만 내실 있는 기업의 중심지로 탈바꿈해 대한민국의 중심 도 경기도가 될 수 있을 거라 생각합니다.좋은점 1

또한, 이런 시중은행과 협약의 영역을 넓히고 신한은행 외에 다른 은행들과의 협력을 확장해 자금조달이 쉽지 않은 중소기업인이나 소상공인에게 숨통을 틔워주면 경기도, 결국에는 대한민국의 발전이 될 것으로 생각합니다.아쉬운점 1"
33,"[RSS 통한 관심 요약 기사와 자료 웹 애플리케이션 ]

2016년 01월부터 04월까지 3개월간 개인 프로젝트를 진행한 적이 있습니다.
최근에 RSS에 관심을 가지게 되었고 RSS를 통해 가져온 관심 주제 기사를 문단 요약 알고리즘에 적용하여 효율적으로 기사의 핵심만 볼 수 있는 ""요약 기사 서비스""를 개발하였습니다. 팀 프로젝트가 아닌 개인 프로젝트였기 때문에 중간에 나태해질 수도 있었지만 한 시작하면 끝까지 해결하고 싶은 성격이었기 때문에 끈기있게  도전하여 완성하였습니다.

프로젝트를 본격적으로 진행하기 전에 개인프로젝트 이기 때문에 기획, 조사 등 모든 것은 직접 하였습니다.
프로젝트를 진행하면서 spring framework로 개발하였고 RSS 정보는 JAVA 라이브러리인 Jsoup를 활용하여 가져와 보기 편하게 가공하였습니다.

가져온 정보를 그대로 보여주는 것보다 중요한 핵심만 보여주는 것이 바쁜 현대인에 맞는다고 생각하여 개인적으로 아이디어를 내어 문단 요약 알고리즘을 코딩해봤습니다.

JAVA에 있는 Map 등 Collection을 활용하여 기사 제목과 내용에 있는 단어 빈도수를 조사한 후 빈도수가 높은 단어가 많이 포함되는 있는 문단이 중요하다고 생각하여 문단 우선순위를 주었습니다."
34,"구성원들 간의 목적이 상이하여 갈등이 발생한 경험이 있습니다. 이를 해결하기 위해 공동의 목적을 만들어 협동심을 고취시키고 공동의 목적을 달성하는 과정에서 각자의 목표도 이룰 수 있도록 하여 갈등을 해결했습니다.

해외의 물류학 전공자들과 4박 5일 간 교류하며 싱가포르 항만공사를 견학하는 워크샵 프로그램에 참여한 경험이 있습니다. 이 프로그램의 최종 과제로서 일본, 중국, 인도, 러시아 등 다양한 국가에서 온 학생들과 무작위로 팀이 되어 물류 프로젝트를 만들어 발표해야 했습니다. 

하지만 관광, 언어, 물류 등 다양한 관심사를 갖고 있어서 의견합치가 어려웠습니다. 팀원들은 각자의 목적에 따라 행동했고, 팀 프로젝트는 진전이 없었습니다. 이 문제를 해결하기 위해서는 모두의 목표를 충족할 수 있는 주제를 선정해야 했습니다. 저는 해결책으로 싱가폴 대학탐방을 제시 했습니다."
35,"저는 신한데이타시스템의 지속 가능한 인재로 성장할 수 있는 두 가지 역량이 있습니다. 

첫 번째, IT 전공자로서 충실하였습니다. IT구성원이 갖추어야 하는 다양한 역량 중에서 가장 중요하다고 생각한 것은 IT 기초 역량이라 생각했기 때문입니다. 학부과정을 통해 Database, C. Java 등 기본적인 다양한 전공기술들을 수강하였고 배운 것을 복습하는 의미로 정보처리 기사 자격증을 취득하였습니다. 

또한 oo취업아카데미 교육을 통하여 Spring Framework를 사용해 공연 예매 서비스를 주제로 ‘뮤지컬과 연극사이’라는 프로젝트를 진행하였습니다. 

두 번째, QA인턴을 활동을 진행하며 품질 향상 능력을 키웠습니다. 품질보증 경험은 저에게 사용자 입장으로 프로그램을 생각하게 만들며 더 좋은 IT서비스가 무엇인지 배우게 되었습니다. 그 후 프로그램을 개발할 때는 정확하고 안정된 프로그램을 제공하기 위해 꼼꼼하게 프로그래밍 하며 반복적으로 잘 못된 부분이 없나 확인하는 자체 QA 테스트를 진행하며 최고 품질의 서비스를 제공하기 위해 노력하고 있습니다."
36,"*** 연구소인턴 당시 Metallic소재에 관한 시장조사과제를 맡았습니다. 과제에 앞서 먼저 소재에 대한 정확한 분석이 선행되어야 한다고 생각하여 논문과 서적, 특허를 참고해 소재를 면밀히 분석했습니다.

소재의 문제점을 중점으로 조사한 그 자료를 과장님께서 보시곤 “연구소 교육 자료로 쓸 만큼 꼼꼼하게 잘했다.”고 놀라시며 더욱 많은 자료조사를 요청하셨고, 업무 경험과 자신감을 더욱 쌓았습니다. 또한, 최종 발표에서는 이를 바탕으로 개발소재의 개선점까지 제시하였고, R&D 부서에서 검토해보겠다는 의견도 들을 수 있었습니다."
37,"초중고 시절 적극적이고 활발한 학생이었던 저는 길어진 대입 수험생활로 자존감이 낮고 소극적인 청년으로 변했습니다. 남들과 잘 어울리지 않았고 혼자 모든 것을 하려고 하였습니다. 이러한 성격에서 벗어나고 제 자신을 변화시키고자 ‘self-planning, self-acting!'이라는 모토의 OOOO 봉사단을 시작했습니다. 이 봉사단은 대학생들이 팀별로 봉사 및 예산 기획부터 실행까지 자발적으로 하는 차별화된 활동이었습니다. 'self'라는 모토는 스스로의 변화를 추구하던 저에게 전환점이었습니다. 봉사를 기획한다는 것이 쉬운 일은 아니었지만 여러 가지 아이디어도 내고, 예산관리 업무를 자청하여 도맡아하며 열정적으로 참여했습니다. 매월 바쁜 일정 속에서도 성실하고 열정적으로 저의 임무를 다 하였고 그 결과 8개월의 활동 후 최우수 단원으로 선정되었습니다. 아쉬운점 18개월간의 활동은 저에게 큰 성취감을 가져다주었고 스스로에게 갇혔던 현재에서 진정한 '나'의 미래로 도전할 수 있는 계기가 되었습니다.
무언가에 부딪힐때마다 그것을 극복하기 위해 도전하고 변화를 추구하는 사람이며 앞으로도 변화를 통해 스스로 성장할 수 있는 인재로 성장해나가겠습니다.아쉬운점 2"
38,"제가 경험한 혁신은 ‘지문인식’입니다.

초기 스마트폰이 개발되었을 당시 휴대폰의 잠금 방식으로는 크게 비밀번호, 패턴 두 가지 방법이 존재했습니다. 하지만 이는 주인이 아닌 다른 사람이 그 휴대폰의 비밀번호나 패턴을 아는 경우 잠금 해제가 손쉽게 가능하여 강력한 보안과는 거리가 먼 잠금장치였습니다. 그 뒤로 전면 카메라를 통한 홍채인식이 나왔을 때, 예전보다 보안이 강력해졌다고 느꼈지만, 오류로 인해 다른 사람의 홍채로도 잠금이 해제되는 경우도 존재했고 무엇보다 가장 중요한 편리성에서 매우 떨어져 기능이 존재함에도 사람들이 많이 사용하지 않았습니다. 저 또한 위에서 언급한 잠금 방식들이 모두 번거롭고 귀찮다는 생각에 잠금 기능을 사용하지 않고 휴대폰을 사용할 정도로 기능이 불편했습니다.

하지만 그 이후로 나온 지문인식은 저에게 있어 정말 큰 혁신이었습니다.
지문을 통한 보안의 방식은 전혀 생각지도 못한 방법이었고 유일하게 자신만을 식별하는 보안 장치였으며 손가락을 잠시 터치하면 인식이 되는 시스템으로 매우 편리하였습니다.
모바일 보안 장치로서 계속해서 사용하고 있으며 그 활용도가 점점 증가하는 지문인식 기능은 이제 없어서는 안 될 존재가 되었습니다.
모바일 뱅킹을 이용할 때에도, 특수기호 및 영문, 숫자를 모두 포함해야 했던 예전의 불편한 기능에서 지문을 이용한 간단한 본인 인증은 번거롭다고만 느껴졌던 금융 서비스를 생활 속의 편리한 기능 중 하나로 자리 잡게 해주었습니다.

혁신적인 기능이란, 한 분야에서 머물지 않고 다른 여러 분야에서 이용할 수 있으며 편리성의 측면에서 효율이 뛰어나고 보안성의 측면에서 강력한 효과를 발휘해야 한다고 생각합니다.
휴대폰 잠금 해제 기능 중 하나였던 지문인식이 이제는 본인인증 기능 중 하나로 자리매김하여 금융에서도 활용되는 것을 보며 요즈음 가장 혁신적인 기능으로 선택되기에 부족함이 전혀 없다고 생각합니다.좋은점 1"
39,"[ 시각을 바꿔야 문제를 바꿀 수 있다 ]
2013년도 계절학기 수업 중 남학생 휴게실에 대한 조별 발표를 했습니다. 여학생 휴게실, 남학생 휴게실 모두 있지만 남학생 휴게실은 거의 이용되지 않았습니다. 그 이유가 궁금해졌고, 문제점을 찾아서 개선시킨다면 남학생들의 학교생활 만족도를 높일 수 있을 것이라는 생각이 들어 이 주제를 택했습니다. 

먼저 본교에서 남학생 30명을 무작위로 선발해 설문조사를 실시했습니다. 그리고 이용률이 높다고 알려진 **대학교와 ***대학교에 방문해 같은 방식으로 설문을 실시했습니다. 비교•분석한 결과 본교의 경우, 휴게실 존재 여부에 대해 ‘알고 있다’고 응답한 비율이 가장 낮았고, 알고 있더라도 위생 상태가 좋지 않아 이용하지 않는 경우가 대부분이었습니다. 결과를 바탕으로 개선 방안에 대한 소논문을 작성해 제출했고, 가장 높은 점수를 받았습니다. 

남학생 휴게실을 실제로 개선시키기 위해 총학생회를 찾아갔지만, 급한 현안들로 인해 신경 쓸 겨를이 없다는 대답만 들어야 했습니다. 그러나 포기하지 않고, 할 수 있는 일부터 직접 개선해 나가자고 의견을 모았습니다. 

먼저 남학생 휴게실의 위치가 적힌 종이를 남자 화장실과 게시판에 붙여 두었고, 남학생들이 없는 시간을 틈타 휴게실 청소를 하기도 했습니다. 한 달 후, 총학생회를 다시 찾아가 관리를 통해 휴게실 이용률을 높일 수 있었다는 점을 근거로 들면서 저희의 제안을 재고해줄 것을 요구했습니다. 

얼마 후, 총학생회의 지도 아래 남학생 휴게실의 위치가 적힌 종이가 층별 시설 안내도 옆에 새로 부착되었습니다. 또한 교내 환경미화원 분들이 맡아 주시면서 남학생 휴게실이 깨끗하게 운영될 수 있었습니다.

모두가 ‘원래 그렇다’며 관심 갖지 않을 때, ‘바꿀 수 있다’며 시도했기에 이러한 성과를 이룰 수 있었다고 생각합니다. 이처럼 같은 현상일지라도 다르게 바라보는 시각에서 도전이 시작되고 혁신이 나온다고 생각합니다. 저만의 특별한 ‘안목’을 이용해 올리브영만의 차별화된 경쟁력을 만들 수 있는 MD가 되겠습니다."
40,"무역회사에서 일하며 작은 일도 스스로 찾아 하려고 했던 적극성 덕분에 학업을 위해 그만두던 때에 예상치 못한 성과보수를 받은 경험이 있습니다. 오픈마켓 주문 B/L 및 invoice를 출력하고, 물류 대행업무를 관리하는 업무를 맡았습니다.

그러나 운송차량 도착시각인 5시까지 물건을 실어야 하는 물류센터 직원들의 일손이 부족하다는 것을 알게 되어 3~4시까지 업무를 최대한 마친 후, 작은 제품의 포장 작업을 하며 직원들을 도왔습니다. 덕분에 담당 부서 외의 업무를 경험하며 전체 프로세스를 쉽게 이해할 수 있었습니다.

또한, 베트남으로 보낸 물류대행 `블라인드`가 운송 중 파손되어 고객이 강하게 불만을 제기한 적이 있었습니다. 고객의 포장 부주의로 인한 파손임을 인지한 저는 파손에 대한 사과 후, 올바른 포장작업을 직접 촬영하여 보내주었고 꼼꼼한 포장을 요청하였습니다.

이로 인해 고객도 포장방법을 다시 숙지하게 되어 문제를 원활히 해결하고 추후 파손도 막을 수 있었습니다. (주)대창에 입사하여 빠르게 회사의 프로세스를 이해하기 위해 힘쓰고 무역관리팀 외에 타 부서와도 유기적인 관계를 형성하여 효율적인 일 처리를 하겠습니다."
41,"[어려워서 더 값진 A+]
전공필수 과목 중 `역사학개론`이라는 과목이 있었습니다. 이 과목은 내용이 난해하고, 교수님의 평가기준이 높기로 유명했습니다. 대부분이 C+ 성적을 받는다는 소문이 있었습니다. 그래서 도전 의식이 생겼습니다. 전 학기 학점이 좋지 않아 또 C+를 받기는 싫었기에, 이 과목에서 반드시 A+를 받기로 결심했습니다.
명성에 걸맞게 수업 내용은 따라가기 매우 벅찼습니다. 한 마디도 제대로 알아듣지 못하고 강의실을 떠나는 날도 있었습니다. 스스로의 무지가 답답했고, 포기하는 학생들도 속출했습니다. 저도 포기를 고려했지만, 피할 수 없는 일이라면 견디고, 아예 즐기기로 결심했습니다.
매일 5시간 이상 관련 논문과 서적을 읽은 뒤, 저만의 언어로 이해하기 쉽게 변환했습니다. 후배들과 스터디를 구성해 공부한 내용을 공유하며 계속 복습했습니다. 그제서야 이 과목의 재미를 알게 되어 몰입할 수 있었습니다.
레포트 점수가 생각보다 낮게 나오고, 기말고사 때 전혀 예상치 못한 문제가 출제되어 좌절을 겪기도 했습니다. 하지만 몰입했기에 후회는 없었습니다.
결국은 이 과목에서 A+를 받을 수 있었습니다. 성적보다 값졌던 것은 어려움을 대하는 태도를 다시 배운 것입니다. 목표를 세우고, 목표를 달성하기 위해 사람들과 소통하고, 스스로를 담금질하는 과정을 통해 제가 어떠한 장애물도 넘을 수 있는 사람임을 확신하게 되었습니다.좋은점 1"
42,"""도로 위에선 내가 맥도날드의 얼굴이다""

OOOO에서 아르바이트하며 보이지 않는 곳에서도 항상 교통법규를 준수하고 양보운전을 실행한 경험이 존재합니다.
저는 오토바이에 시동을 거는 순간부터 항상 제가 OOOO의 얼굴이라는 생각을 하고 업무에 임했습니다. 물론 배송속도에 대한 고객들의 항의가 많아 정신적 고통을 겪기도 했습니다. 하지만 저는 도로 위에서의 OOOO의 이미지를 지키는 것이 더 가치 있다고 판단했습니다. 따라서 도로에서 최대한 남을 먼저 배려하려고 교통법규를 준수했습니다. 이런 마음가짐으로 운전을 수행한 결과 타 라이더와는 달리 매장에 운전불만으로 접수되는 VOC는 받아본 적이 없고, 오히려 다수의 칭찬 글을 받아본 경험이 있습니다.아쉬운점 1
GS리테일의 업무를 수행하면서도 분명 자신의 불리함과 정직함이 충돌하는 상황이 발생할 것으로 예상합니다. 순간의 거짓말로 자신의 이익을 지켜낼 수 있을지 몰라도 멀리 내다본다면 이러한 행위는 오히려 자신, 회사에 손해라고 생각합니다. GS리테일의 업무수행을 하며 지금껏 해온 것처럼 제가 GS리테일을 대표하는 얼굴이라 생각하고 정직하게 업무를 수행하겠습니다.아쉬운점 2"
43,"""남보다 뒤처졌다고 느낀 순간, 열정 만 한 것이 없다""

2학년 때부터 교내의 oooooo라는 야구동아리에서 활동한 기억이 있습니다. 야구에 대한 지식을 늘리고 싶었고 야구를 직접 해보고 싶다는 열정 하나만으로 동아리 생활에 도전하였습니다. 

첫 시합은 생각도 하기 싫을 만큼 최악이었습니다. 수비 부담이 적은 외야수였지만 낙구 지점을 잘 못 잡아 공을 펜스까지 굴러가도록 하기도 하고 심지어 수비를 하다가 같은 팀 외야수의 자신이 잡겠다는 말을 못 들어 부딪히는 사태까지 벌어졌습니다. 야구에 도전한 것에 대한 후회가 밀려왔습니다. 

하지만 여기서 그치지 않았습니다. 후회는 잠시, 처음부터 잘하는 사람이 어딨겠나라는 생각으로 동아리 선배들에게 많은 조언을 구했습니다. 수비할 때 위치 잡기, 그리고 타격감을 살리기 위해 어떤 연습을 해야 하는지 등 많은 노력을 기울였습니다. 게다가 필수 연습이 1주일에 한 번이었으나 열정 하나만으로 최소 이틀에 한 번은 연습을 하였습니다. 

그리고 oo대학교 총장 배 리그가 시작되었고 평소 연습하는 것을 많이 지켜보던 동아리 선배가 선발 명단에 올려주었습니다. ‘이번엔 처음과 다르다. 모든 것을 보여 주겠다’는 생각으로 온 정신을 집중했고, 첫 경기와 달리 수비 실수 없이 경기를 끝낼 수 있었고 타격에서도 3타수 1안타 1볼넷의 준수한 성적으로 그 경기를 마칠 수 있었습니다. 그 후에도 야구에 대한 열정과 하루하루 늘어가는 실력을 인정받아 선발 엔트리에 자주 이름 올릴 수 있었습니다."
44,"""완벽한 계획을 통한 기술의 지원""

건축공학과에 처음 입학해 들었던 많은 수업들에서 가장 많이 언급되었던 대한민국 건설기술의 대표작 중 하나는 항상 싱가포르의 '마리나 베이 샌즈'였습니다. 이를 통해 쌍용건설의 기술력에 대해 처음으로 접할 수 있었고 해외에서도 신뢰받는 기술력을 가진 이 회사를 동경하게 되었습니다. 그리고 비교적 최근에 여태까지의 국내외 건축물을 만들며 축적된 기술을 바탕으로 주택시장에도 뛰어들었다는 것을 알게 되었습니다. 주택시장은 보수적이고 많은 회사들이 자리를 잡고 있지만 쌍용건설의 기술력을 믿고있기에 무한한 발전 가능성이 있다고 생각합니다. 따라서 주택사업 부서에서 세계 최고 수준의 기술력을 발휘할 수 있도록 최선의 개발계획을 통해 지원하는 것이 저의 목표이며 쌍용건설에 지원한 이유입니다. 쌍용의 더 플래티넘이 국내 아파트 브랜드의 최상위권에 자리잡기 위한 길에 일원이 되어 기여하겠습니다.

""건설산업의 다양성에 눈을 뜨다"""
45,"""둥글둥글"" 

학창시절 원만한 인간관계를 유지하였습니다. 눈을 보며 이야기하는 것을 좋아하고, 상대방의 필요를 빠르게 알아차리는 성격 덕분입니다. 큰 다툼 없이 유대관계를 형성하였고, 서로에게 힘이 되어주며 함께 성장하였습니다. 
그 덕분에 할아버지인 조부모님의 장례식에도 불구하고 25명의 친구가 찾아와 주었습니다. 일손을 도와주며 위로를 해주는 친구들을 보며 교우관계의 중요성을 느낄 수 있었습니다. 

하지만 상황 때문에 신뢰가 깨진 경험이 있습니다. 아쉬운점 1

""오해가 낳은 습관"" 

대학교 축구 동아리 ‘스톰’에서 총무를 맡으며 오해의 상황을 경험하였습니다. 졸업하신 선배들과 함께 뛰는 ‘홈커밍 축구 대회’행사를 위해 물품 구매를 하였습니다. 행사 후, 뒤풀이 자리에서 회비가 부족하였고, 의심의 눈초리를 받았습니다. 동아리 지원금과 선배들의 후원금이 벌써 소진되었느냐는 의견이 많았습니다. 

동아리원들의 의심이 억울하였지만, 신뢰를 잃고 싶지 않아 ‘기록’을 보여 해명하였습니다. 지출 영수증과 카드기록을 정리하여 동아리 카페에 ‘회계 보고서’를 올리며 오해를 풀 수 있었습니다. 

이 경험을 통해 깊은 관계도 ‘어떤 상황’으로 인해 깨질 수 있다는 것을 깨달았습니다. ‘말하기’보다는 ‘기록’하는 것이 신뢰를 형성하는 소통의 일부라고 생각합니다. 이후, 어떤 일이든 ‘기록’하여 ‘문서화’하기 위해 두 가지를 노력하였습니다. 아쉬운점 2

""도구로써의 문서화""

첫 번째, 문서는 정보를 ‘꼼꼼히 저장하는 도구’입니다. 시간이 지나도 잊어버리지 않고, 사람들과 쉽게 공유할 수 있습니다. ‘SYSP’ 윤활유 정제공장 아르바이트를 하였습니다. 적정 온도의 허용 오차범위를 파악하고 냉각수와 윤활유의 원활하지 못한 공급으로 인한 여러 문제 사항을 꼼꼼히 기록하였습니다. 좋은점 1이를 사장님께 제출하여 문제를 대비하고, 에러를 고쳐 나갔습니다.

두 번째, 문서는 ‘설득의 도구’입니다. 객관적인 지표를 통해 사람들을 이해시킬 수 있습니다. 17년 1월, 시사 토론 동아리 상부상조 회장으로 지원금 발표회를 준비하였습니다. 동아리원들의 공통적인 의견으로, 직접 봄으로서 얻는 경험으로 토론에 필요한 역량을 기르고 싶었습니다. 1년간 작성된 회의록과 활동내용으로 발표회를 하였습니다.  그 결과, 동아리 지원금 150만 원을 지원받아 4차 산업혁명 포럼에 참가하였습니다. 아쉬운점 3"
46,"""경청하는 자세로 의견 충돌을 팀워크로 바꾸어 수상까지""

저는 갈등을 외면하지 않고 경청하여 협력으로 이끌어 내는 능력을 갖고 있습니다. 이러한 강점을 바탕으로 상대방이 말하고자 하는 목적을 먼저 파악하고 감정을 헤아리려 노력합니다. 이 노력으로 학부 시절 총 5번의 팀워크에서 모두 좋은 성과를 이루었습니다.
일례로 대한 설비공학회의 HVAC 경진대회 준비 당시, INVENTOR와 CAD를 이용한 3D 모델링 과정에서 저는 연구에서 깨달은 점을 바탕으로 모델링을 최대한 세밀하게 하여 출력해야겠다고 생각하였습니다. 하지만 여러 번 출력하고 실험해 보면서 결함을 보완하자는 팀원과의 의견 차이가 생긴 적이 있었습니다.
저는 먼저 팀원의 말을 경청하며 말하고자 하는 바를 파악하였고 이는 상대방도 저의 의견을 들을 준비를 할 수 있게끔 해주었습니다. 이를 통해 연구에서 직접 경험하며 얻은 점을 언급하여 팀원 모두가 만족할 만한 방향을 제시하여 한마음으로 협력할 수 있었습니다.

모두가 협력하며 만든 세밀한 모델링으로 원하는 규격과 메커니즘에 맞는 결과를 도출할 수 있었고 밤낮으로 실험한 결과 장려상을 받을 수 있었습니다.
갈등을 외면하지 않고 협력으로 이끄는 강점을 발휘하여 한마음 한뜻으로 협력하며 금호건설 플랜트 사업 팀에서 공동의 목표를 달성하기 위해 계속해서 나아가겠습니다."
47,"[활기찬 조직문화 형성]

저는 입사 후 10년내에 회사 내에서 조직문화 개선의 선두주자가 될 것입니다. 다양한 업무의 부서를 통합하여 관리하고 분위기를 개선하고 이를 통해 능동적이고 창의적인 기업을 만들겠습니다. 첨단기술이든, 어느 기업이든지간에 사람과 사람사이의 관계가 가장 중요하다고 생각하기 때문입니다.

신뢰할 수 있고, 활기찬 분위기를 조성함으로써 저는 1+1=2가 아닌 1+1=3이라는 새로운 가치를 창출할 수 있다고 생각합니다. 따라서 저는 이러한 개선을 통해 이직률을 줄이고, 장기 근속할 수 있는 기업여건을 마련하겠습니다.

즉, 경영지원의 중심에 제가 있음으로 인해서 직원 모두가 행복해 할 수 있는 기업, 사원 누구나 자신의 직책에 충실하고 업무에 몰두할 수 있게 할 수 있는 기업, 기업의 이익을 다시 사원들에게 되돌려 줌으로써 다시 업무 효율성을 극대화시킬 수 있는 분위기를 가진 기업이 될 것이라고 확신합니다."
48,"2016 OOOOO대회에 참가하였습니다. 4명이서 팀을 꾸려 앱 개발 부문으로 참가하였습니다. 역할을 발표, 프로그래밍, 디자인, 서기로 나누었고 저는 디자인 파트를 맡았습니다. 첫 시작은 발표를 담당한 팀원이 주도적으로 회의를 진행해가며 아이디어가 나오고 구체화 시켰습니다. 발표 담당 팀원이 아이디어 발표를 준비하였습니다. 그때까지만 해도 아무런 문제가 없었지만 본격적인 앱 개발이 시작되자 팀원 두명에게 약간의 마찰이 생겼습니다. 프로그래밍을 담당한 팀원이 코딩을 하는 동안 발표담당팀원이 쉬고 있어 자신만 일하는 것 같다고 농담처럼 한마디 하자 다른 팀원들은 발표 준비하는 동안 충분히 쉬웠잖아 라는 식으로 응수해 말싸움이 일어났습니다. 아이디어 회의는 팀원들이 다 같이 하였지만 코딩은 자기 혼자 하고 있다며 점점 격해졌습니다. 저는 농담을 해 최대한 분위기를 풀어볼려고 했지만 발표 담당팀원이 자리를 박차고 일어났습니다. 이렇게까지 커질 일이 아니였지만 어느샌가 해체 직전까지 가버렸습니다. 저는 어디서부터 잘못된 것인지 문제점을 진단해 보았습니다. 제 생각에는 서로 자신의 입장만을 고집하고 태도가 진지하지 못해 어디까지가 농담이고 본심인지 몰랐기 때문이였다고 생각했습니다. 서로의 입장을 아는게 가장 중요하니 팀원들을 찾아갔습니다. 먼저 발표담당 팀원을 찾아가 그때 어떤 생각을 하였고 왜 화가 났는지를 들어보고 프로그래밍담당 팀원을 만나 발표담당 팀원의 입장을 설명해주었습니다. 역지사지로 생각해서 좋은 방향으로 해결하자는 의견을 피력했고 두 팀원은 대화로 오해를 풀어 서로 화해하였습니다. 그 결과 자기역할만 다 하면 된다란 팀 분위기가 자기 역할을 다했더라도 도움이 필요하다면 발 벗고 나서자는 팀분위기로 바뀌었고 끈끈한 팀워크가 완성되었습니다. 대회는 6팀중 2등이라는 우수한 결과를 받아올 수 있었습니다.아쉬운점 1"
49,"넷마블의 글로벌 사업 PM 업무에 임하고 싶습니다. 어릴 적부터 시작된 중국 유학생활, 처음 밟아본 외국 땅이 신기했고 중국어라는 특기가 생긴다는 생각에 설레었지만, 적응이 쉬운 것만은 아니었습니다. 언어가 잘 통하지 않는 친구들, 생소한 과목 등 낯선 환경에서 저에게 가장 큰 위로가 되었던 것은 바로 게임입니다. 

다양한 게임을 플레이하는 것을 시작으로 모 게임 공식 커뮤니티의 스텝까지 맡게 되는 등 점차 게임에 대한 열정을 키워나갔고, 게임은 제 학창시절에서 빼놓을 수 없는 키워드가 되었습니다. 

그토록 게임을 좋아하던 소녀는 13년이라는 긴 유학생활 끝에 결국 진로를 게임으로 정하였고, 게임이라는 취미와 중국어라는 특기가 접목된 분야 중 글로벌 게임 PM이라는 사업을 알게 되었습니다."
50,"""1인 2역""

군복무시절 1년간 혼자서 두 명의 역할을 감당하며 일을 한 적이 있습니다. 군 복무를 하며 중대장 임무를 감당할 기회가 있었는데, 부사관 인력부족으로 행정보급관의 임무까지 맡아서 해야 하는 상황이었습니다. 조금 더 부지런하게 움직이면 될 거로 생각했지만, 문제는 중대장 업무는 인수인계를 받았지만, 행정보급관 업무는 인수인계를 받지도 못했기 때문에 다시 처음부터 배우고 알아나가야 한다는 것이었습니다.

이를 해결하기 위해 행정보급관 컴퓨터에 있는 전년도 자료들을 보고 참고하며 업무계획과 내용을 정리하였고, 다른 중대 행정보급관들에게 직접 찾아가서 부족한 점이나 모르는 내용을 물어보았고, 그렇게 알아온 내용을 중대 병사들과 우리 중대에 맞게 수정하며 일을 수행하였습니다.

제가 모르면 중대병사들에게 돌아가는 혜택이 줄어들 수 있다는 생각에 끝까지 포기하지 않았고, 이를 알아준 병사들과 함께 노력하여 그해 훈련뿐 아니라 전투력측정도 1등을 할 수 있었습니다.아쉬운점 1"
51,"소심한 제 모습을 보고 적극적으로 행동하라는 충고를 듣고 반영한 경험이 있습니다. 부족한 제 모습이 상대방에게 민폐 끼치는 것 같아 항상 죄송하다는 말로 시작했습니다. 이런 제 모습을 본 본부장님은 부족한 사실에 대해 부끄러워하지 말고, 도움이 필요하면 항상 당당하게 요청하라고 이야기해주셨습니다. 이후 소극적으로 행동하지 않고 당당하게 다가갔습니다. 바뀐 제 모습을 본 주변 사람들은 놀라워하면서 신뢰하기 시작했고, 비슷한 문제를 겪은 동료에게 조언할 수 있게 되었습니다.아쉬운점 1"
52,"전기명장이 되어 우리나라뿐 아니라 세계에 진출하여 강의하는 꿈을 가지고 있습니다. 전기명장이 되기 위해서는 전문성이 가장 중요하다는 생각에 기본이 되는 전기기능사 자격증을 취득하였습니다. 자격증을 취득한 후 시간을 활용하고자 입대할 때 경력이 인정되는 정비병에 지원하여 군대에서도 미리 전기산업기사 자격증 공부를 시작하였습니다. 그 덕분에 제대 후 전기산업기사 필기시험에서 한 번에 합격할 수 있었습니다. 하지만 전기산업기사 실기 시험이 한 달밖에 남지 않았으며, 전공자들도 한 번에 취득하기는 힘들다는 말밖에 없었습니다. 꿈과 회사를 위해 멈추는 것이 아니라 좀 더 많은 노력을 통해 극복하기로 하였습니다. 매일 9시부터 6시까지 도서관에 가서 인터넷 강의와 문제집을 통해 부족한 부분을 채워나갔습니다. 그 덕분에 지난해 문제에서도 높은 점수를 획득하여 얼마 전 전기산업기사 3회 실기 시험도 무사히 마칠 수 있었습니다.아쉬운점 1"
53,"""타 분야에 대한 수용""

한국공항공사의 인재상 중 ‘융합인’에 맞는 직원이 되기 위해 준비해왔습니다. 좋은점 1전공인 전자 공학 이외의 분야를 접할 수 있도록 학부 시절에 노력하였습니다.
전자공학인증 프로그램 이수를 통해 전공 이외의 과목을 수강하였습니다. 13, 14년도에 일반화학, 일반 생물학, 수학 과목 등을 수강하면서 전공 이외의 학문을 접할 수 있도록 노력했습니다.
SW 개발 역량이 부족하다 판단되어 로봇 개발 대회인 SoC Robot War를 참가하였습니다. 팀원과 알고리즘을 c로 구현해보고, 점검하면서 직접 소프트웨어 개발을 경험하였습니다. 또한, 참가팀 교육에서 리눅스 및 임베디드 시스템, 소프트웨어 개발 노하우 등 배운 내용을 꼼꼼하게 필기하거나 녹음을 하면서 팀원과 반복적으로 학습하였습니다.아쉬운점 1"
54,"[Smart Learner]
모르는 것에 직접 부딪치며 빠르게 배우는 사람을 Fast Learner라 합니다. 저는 새로운 지식과 기술을 빠르게 습득할 뿐 아니라 그 과정을 즐기고, 적재적소에 활용해내는 ‘smart’함을 갖춘 ‘Smart Learner’입니다. 대학교 2학년 때 Java를 배우며 팀 프로젝트로 간단한 게임을 만든 경험이 있습니다. 개발 이외에 게임의 UI와 캐릭터 디자인이라는 난관이 있었습니다. 

팀 내에 디자인 툴을 다룰 줄 아는 사람이 없어 막막하였습니다. 임시 이미지로 개발을 진행하는 동안, 포토샵과 일러스트레이터를 독학하여 빠른 속도로 기능과 활용 방법을 익혔습니다. 흥미와 자신감이 생겨 자발적으로 UI와 캐릭터 디자인을 전담하였고 보기에도 좋고 재미있게 즐길 수 있는 게임을 완성하였습니다. 배우고 익힌 것을 단순히 외우고 있는 것이 아니라, 하나를 알게 되면 두 가지 활용 방법을 생각하는 습관은 저를 ‘실전에 강한’ 사람으로 성장하게 하였습니다. 

[다리가 되는 사람]
모난 데 없이 융통성 있는 성격으로, 단체 생활에서 구성원 간의 다리 역할을 도맡아 왔습니다. 대학교에서 밴드동아리에서 키보드 세션 담당으로 활동한 경험이 있습니다. 정기 공연을 준비하던 당시 세션별 연습 부족으로 공연 준비가 계획보다 늦어지게 되었고, 동기들 간 마찰로 언성을 높이는 상황까지 발생하였습니다. 

저는 동아리 내 다리 역할을 자처하여 갈등을 해소하고자 하였습니다. 쓴 소리를 할 수밖에 없는 동아리 회장의 이야기를 듣고 공감하며 이해하고자 하였고, 과제와 프로젝트로 바빠 연습에 소홀할 수밖에 없던 다른 동기들의 의견 또한 들어보았습니다. 저는 연습 일정을 조정하는 방안을 제시하였고, 재정비한 일정으로 준비하여 공연을 성공적으로 마칠 수 있었습니다. 

이는 맡은 역할의 크기와 상관없이 소속감과 책임감을 바탕으로 조직의 화합을 이끄는 저의 성격이 빛을 발했던 경험이었습니다. 이처럼 조직에의 융화가 빠르고 뛰어난 저는 단체생활에서 타인과 타인, 타인과 조직 간에도 윤활제가 되는 사람입니다. 

[두 마리 토끼를 놓치다 – 재정비 성공!]
대학교 2학년을 마친 뒤, 평소 관심 있던 문화콘텐츠 분야를 배워보고 싶어 ‘문화콘텐츠 융합전공’을 신청하였고 3학년 동안 문과대학의 다양한 수업을 수강하였습니다. 그런데 융합전공 과목들은 생각만큼 재미있기만 한 내용이 아니었습니다. 

고전문학과 스토리텔링 수업을 수강하며 직접 이야기를 창작해내는 과제에서 크게 어려움을 느꼈습니다. 소비자 심리학, 예술과 미학 등의 이론 수업에서도 생소한 철학적 내용을 배우며 단순 암기나 문제 해결에만 익숙했던 저는 좋은 성적을 받기 어려웠습니다. 

게다가 3학년 전공과목들은 난이도가 높고 팀 프로젝트와 과제가 많은 과목 위주였기에 저는 전공과 융합전공 성적이라는 두 마리 토끼를 모두 놓친 격이 되어버렸습니다. 진지한 고민 없이 무턱대고 융합 전공에 도전한 것은 결과적으로 저조한 성적이라는 부정적인 결과를 낳았습니다.

3학년을 마쳤을 때, 과제와 시험 위주의 공부로 심도 있는 전공 지식을 갖추지 못하였고 성적도 저조한 상황이었습니다. 이대로 4학년까지 마치고 졸업을 할 수는 없다는 생각에 휴학을 결심하게 되었습니다. 몇 개월간 아르바이트를 통해 돈을 모으고, 5주간 유럽여행을 떠나 다양한 문화를 경험하고 돌아왔습니다. 

또한 평소에 관심은 있었으나 학과에 수업이 개설되지 않는 HTML, 자바스크립트 등의 웹 언어에 대해서도 스스로 공부해 보았습니다. 성적이 좋지 않았거나 미처 수강하지 못했던 전공과목들을 교수님께 양해를 구한 뒤 청강하며 부족한 지식을 보충하고자 하였습니다."
55,"""경쟁력""

대보정보통신은 지능형 교통시스템 개발 및 운영사업을 비롯하여 교통, 항공, 철도, 국방 등 국가기반 시설의 정보화를 선도해온 IT 서비스 기업으로, 탁월한 기술력과 축적된 노하우, 대외신인도를 기반으로 공공, 금융, 제조, 물류 IT 등의 분야로 사업영역을 확대하고 있습니다."
56,"""인턴 경험과 OOOO, 경영학 복수전공""

고객들의 S.O.S에 언제나 귀 기울이는 우체국금융개발원의 일원이 되어 최고 품질의 금융서비스를 제공하는데 참여하고 싶습니다.

고등학교 1학년 때, 시각장애인들을 위해 도서관에서 책을 점자화, 음성화하는 봉사를 했습니다. 활동을 시작하기 전 교육영상을 시청하였습니다. 장애인들의 교육환경이 얼마나 열악한지 알 수 있었습니다. 덕분에 전보다 적극적으로 봉사활동에 참여하게 되었습니다. 이는 공공의 이익을 위해 일해야겠다는 직업관을 형성시켜 주었습니다.

나아가 대학교 2학년 때 병원재무관리라는 과목을 듣고 금융에 관심을 가지게 되었습니다. 이후 경영학을 부전공으로 선택하고 2년간 경영학과에서 회계와 재무 관련 과목을 들으면서 금융 지식을 습득하였습니다. 이러한 경험은 공공의 이익을 위해 금융 지식을 활용할 수 있는 우체국금융개발원에 지원해야겠다는 동기로 이어졌습니다.아쉬운점 1

다른 지원자에 비해 차별화할 수 있는 점은 첫째, 우체국금융개발원에서 근무한 경력이 있습니다. 우체국금융개발원 인재경영팀에서 4개월 간 인턴으로 근무한 만큼 조직 적응기간이 짧을 것입니다. 그 기간만큼 빠르게 조직에 융화되어 성과를 낼 수 있습니다. 아쉬운점 2
둘째, 대학에서 OOOOO학과 경영학을 복수전공 했습니다. 보험금 지급 조사, 심사 업무를 하기 위해서는 금융 지식에 더하여 보건, 의료, 보험에 대한 지식도 풍부해야 합니다. 전공 지식을 바탕으로 조사 실무능력을 탄탄히 향상시켜 나갈 수 있습니다.아쉬운점 3"
57,"""강점과 약점을 파악해 맞춤전략으로 영업하겠습니다""

CJ제일제당의 가정간편식 대표 제품인 햇반컵반을 1인가구가 간단하고 쉽게 즐길 수 있는 제품으로 만들겠습니다. 햇반컵반의 강점은 첫째, 가정간편식으로서 1인가구가 쉽게 즐길 수 있다는 점과 둘째, 기존 소비자들에게 검증된 햇반을 통해 파생된 제품이라는 점입니다. 최근 1인가구의 증가 추세로 이들이 간단하고 쉽게 즐길 수 있는 제품에 대한 수요가 늘고 있습니다. 간단하게 즐길 수 있는 제품의 수는 늘어가고 있는 반면 ‘맛’과 ‘위생’이라는 기본에 충실한 제품은 그다지 많지 않습니다. 햇반컵반은 이러한 점에서 타사의 제품에 비해 절대적 우위를 점하고 있습니다. 저는 이러한 기회요인을 잘 살려내어 수요층을 확실하게 사로잡고 설득해내어 강점을 더욱 돋보이게 하는 영업을 하도록 하겠습니다.아쉬운점 1

반면 햇반컵반의 약점은 유사한 제품을 만들어내는 기업이 존재한다는 점입니다. 오뚜기, 동원F&B는 컵밥 패키징 기술이 CJ제일제당에 있음에도 불구하고 무단으로 복제하여 판매하고 있습니다. 그럼에도 불구하고 CJ제일제당의 복합밥 시장 점유율은 60%대를 상회하고 있습니다. 그러나 이에 만족하지 않고 가까운 미래에 봉착할 위기에 대응하도록 하겠습니다. 타기업의 무단복제 제품으로 인한 위협요인을 조기에 차단하고 점유율을 높이려 노력하겠습니다. 강점은 강하게, 약점은 최소화하며 영업을 하는 사원이 되겠습니다.아쉬운점 2"
58,"인도에서 10주동안 Story Tag라는 소셜네트워크 웹 프로그램을 테스팅 및 새로운 기능을 추가하는 인턴십을했습니다. 화기애애한 분위기로 시작했으나, OJT와 프로그램 소스 코드를 하면서 관련된 문서가 없었고 프로그램 규모가 상당히 크다는 것을 뒤늦게 알게 되었습니다.

프로젝트가 빠르게 진행되면서 소스코드 공유 및 이해에 대한 문제가 발생하게 되었습니다. 외부 인터넷과의 단절된 환경 이었고 팀원 중 누군가 코드를 수정하고 이에 대한 사항을 알려주지 않으면 수정된 부분을 알 수 없게 되어 중복수정을 하게 되었고 업무의 효율성은 점점 떨어졌습니다.

이를 해결하기 하기 위해 매니저에게 어려움을 이야기 하고 팀원들에게 모든 PC에 TortoiseSVN을 설치해 소스코드를 공유하고 수정 시에는 명확하게 주석을 달 것을 제안했습니다. 기존 작업환경에 익숙했던 인도학생들이 거부감을 느껴 처음에는 받아들여지지 않았지만 SVN 사용에 대한 프리젠테이션을 별도로 준비해서 공유 작업 환경의 편의성에 대해 알리기 위해 노력했습니다.

그 결과 인도학생들도 SVN의 장점을 인정하게 되었고 이를 적용하면서 업무의 효율성이 높아져 전체 프로젝트 일정을 한 주 앞당기는 쾌거를 이룰수 있었습니다. 이와 같은 경험을 바탕으로 SK Telecom에서 프로젝트 중 사전에 장애요인을 자발적으로 분석하고 개선방향을 적용하는 추진력 있고 단단한 신입사원이 되도록 하겠습니다."
59,"""가치를 만드는 사람""

직업과 회사는 가지고 있는 정보와 지식을 공유하고 활용할 수 있는 수단으로 생각하고, 이를 실현할 수 있는 가능성에 근거해 회사를 선택합니다. 이와 관련해 SCM의 전문성을 발휘할 수 있는 아모레퍼시픽을 통해 많은 사람에게 아름다움의 가치를 전해주고 싶어 아모레퍼시픽의 SCM 직무에 지원했습니다. 
좋은점 1
본 전공인 교통계획을 공부하며 비슷한 점이 있음에도 다루지 않는 물류와 SCM에 대해 관심을 갖게 되었고, 새로운 학문을 체득하고자 물류학 복수전공을 시작했습니다. 학과 프로그램으로 군포 복합물류 터미널 견학을 다녀왔고, 그곳에서 체계적이고 철저한 업무 분담을 통해 수많은 고객의 요구를 충족시키는 모습을 보며 물류의 매력을 알게 되었습니다. 

또한, 운송수단에 관심이 많아 운송을 통한 장소적 격차 해소의 유용함을 직접 느껴왔고, 제가 경험한 유용한 가치를 스스로 만들어 낼 수 있도록 두 전공을 연계한 학습을 지속해서 하고 있습니다. 전공에 대한 학습을 통해 직무를 간접적으로 경험했으며, 전문역량을 강화하고자 물류관리사 자격을 취득했습니다."
60,"""Red Ocean 시장에서의 성장동력""

저는 수주 영업 컨설턴트로서 쌓았던 경험을 기반으로, Red Ocean인 FS수주영업시장에서 삼성웰스토리의 성장동력이 되기 위해 지원하였습니다. 현재 단체급식시장은 완전 경쟁 입찰로 전환되면서, 기존 사업자 외 중견, 외국계 기업이 새로운 경쟁자로 등장하고 있습니다. 이에 따라 사업장별 Pre-sales, RFP 대응, 제안서 작성 및 경쟁 PT에서 차별화된 자사의 솔루션을 제안하는 것이 더욱 중요해진 실정입니다. 이러한 환경의 변화 속에서 삼성웰스토리는 '셀럽 테이블', '웰그린 데이' 등 고객 개개인의 니즈에 맞는 차별화된 식음 서비스를 제공하고 있습니다. 이러한 기업의 전략에 저의 수주 영업 역량과 만난다면 더욱 큰 시너지가 될 수 있다고 생각합니다. 
 
""고객의 숨겨진 니즈를 파악하는 수주영업사원"""
61,"화성도시공사는 거래처와 연계된 다양한 종류의 데이터를 꼼꼼하고 종합적으로 이해하는 능력이 중요하다고 생각합니다. 광범위한 데이터를 이해하고자, 2달 동안 빅데이터 전문가 양성 교육을 수강했습니다. 이를 통해, 엑셀, R 프로그래밍을 활용하여 다양한 데이터 종류를 이해하고, 통계 프로그램을 활용하는 능력을 길렀습니다. 이후, 학기 중 틈틈이 준비하여 관련 자격증인 ADsP와 사회조사분석사 2급, 컴퓨터 활용능력 1급을 취득했습니다.아쉬운점 1"
62,"현재, 그리고 눈앞으로 다가온 사물인터넷의 시장의 주도권을 가져가기 위해 기업들이 치열하게 경쟁하고 있습니다. 앞으로 IT 시장, 전반적인 산업에 있어서 중요한 기술이 될 사물인터넷은 스마트 홈서비스, 자율주행 자동차, 스마트 팩토리, 등의 수많은 가치를 창출할 황금알을 낳는 거위가 될 것입니다. 한화 S&C는 지능형 관리시스템, 코엑스의 스마트 전시장, 등을 통해서 IoT시장의 리더가 되기 위해 노력하고 있습니다.

그러나, IoT 시장을 이끌어가기 위해서는 한화 S&C만의 독자적인 인프라 구축이 필요합니다.
앞으로 IoT 문제점으로 다가올 데이터 급증의 문제점에 대비해 독자적인 인프라를 구축해놓는다면 다른 기업과 다르게 한 발 더 앞서 나갈 수 있을 거라고 생각합니다. 이 문제점을 극복하기 위해서는 클라우드 컴퓨팅, 효율적인 스토리지, 빅데이터 분석 등을 기반으로 한 인프라 구축의 방법이 있습니다. 한화 S&C는 이 요소들에 대한 유리한 고지를 미리 차지해 놓는 것이 중요할 것입니다.아쉬운점 1"
63,"A팀에서 저의 책임을 다하겠습니다. 팀 동료들이원한다는 것은 A팀에서의 책임이 아직 남아있기 때문입니다. 이상황에서 좋은 기회가 왔다고 팀을 옮기는 것은 옳지 않습니다. 또한 A팀의업무에 더욱 적응하는 기회로 삼고 싶습니다.

조직에서는 내가 원하는 일만 하는 것이 아니라, 어떤 업무이건 조직의 발전을 위해 적응해야 합니다. 더 노력해서커리어에 대한 고민을 하지 않아도 될 수 있게 자기계발을 하겠습니다. A팀에서 책임을 다하고 인정받고, 저에게 더 맞는 업무의 기회가 다시 주어졌을 때 옮기는 것이 옳다고 생각합니다."
64,"글로벌 역량을 갖춘 전문 인재가 되기 위하여 호주에서 2년 동안 공부하는 동안 영어 회화를 자연스럽게 할 수 있는 능력을 개발하였습니다. 어떤 사람들을 만나도 어색함 없이 대화할 수 있어야 한다는 목표를 세우고 매일 공부하며 내가 책에서 배운 회화 표현을 매일 한 번이라도 사람들과 대화하며 사용하며 익혀야겠다고 목표를 세웠습니다.
회화 능력을 향상하기 위해 한국에서 구입한 문법책과 단어장으로 공부했지만, 이들 대부분이 시험을 위한 책 들이었기 때문에 회화 능력 향상에는 한계가 있었습니다. 한국어는 이곳에선 아예 모르고, 영어로만 생각하자는 마음으로 답답한 마음에 도서관에서 영어 교육 관련 책을 찾아보다가 Grammar in Use 영문판 책을 찾게 되었고 현지에서 출판되었다는 점과 대화를 위한 표현을 다루고 있었기 때문에 이 책으로 공부하였습니다. 공부한 내용을 실제 대화에서 활용하기 위해 매일 퇴근길에 마주치는 사람 2~3명에게 길을 물어보며 자연스럽게 대화를 시작하여 책에서 배운 표현을 사용했습니다. 이러한 ‘스몰 토크’ 문화는 영미권에서 발달하여 어색한 행동이 아니었고, 이를 통해 회화 실력 향상에 많은 도움이 되었습니다."
65,"""데이터의 힘을 믿는 분석가""

재경/경영지원 직무에선 왜라는 의문으로 선제적으로 문제를 파악하고 대처할 수 있는 분석적 역량이 필요합니다.
야구 동아리 활동을 하며 경기를 숫자로 정리하고 분석해 미래를 예측할 수 있다는 야구 통계의 특성을 매력으로 느꼈습니다. 저는 상대 팀의 데이터를 분석해 감독의 의사결정을 도왔고 팀을 조 1위로 이끌었습니다. 데이터를 분석해 의사결정에 유의미한 차이를 만들어 낸 경험은 즐거웠습니다. 회사의 성과분석과 미래 계획수립에 회계가 이와 같은 역할을 한다는 것에 흥미를 느꼈고 재경/경영지원의 꿈을 키웠습니다. 아쉬운점 1
비록 실무 경험은 적지만 스스로 찾아 배우는 자세로 꾸준히 역량을 높이려 노력했습니다. 전공에서 회계, 세무 강의들을 들은 후에도 실무에서의 사용 방법에는 부족함을 느꼈고, 이후 재경관리사를 공부하고 전산회계와 전산세무 자격증을 취득하며 kcLep와 더존 등 실무 역량을 높이기 위해 노력했습니다. 경험은 적지만 제가 가진 책임감과 열정으로 스스로 찾아 배우는 인재가 되어, KCC가 국내 시장에서의 수익성을 높이고 세계무대에서도 역량을 발휘해 경영목표를 달성하도록 최선을 다하겠습니다.아쉬운점 2"
66,"[제일제당의 힘에 매료되다]
저는 푸드빌의 외식브랜드의 히트상품을 제일제당 식품군으로 출시한 것에서 CJ의 힘을 느낀 적이 있습니다. VIPS, 비비고 등의 외식브랜드의 파워를 간편조리식품에까지 그대로 활용하는 CJ 마케팅의 힘에 감동한 것 입니다. 

저는 또한 2012년 여름 VIPS 아르바이트 시절 ‘님’ 호칭에 큰 충격을 받은 적이 있습니다. 단순한 `님`이라는 호칭이 직원들간의 커뮤니티 형성과 일의 효율에 영향을 미치는 것을 보고 CJ 문화의 힘을 느꼈습니다. 

이런 경험을 통해 CJ의 일원이 되고 싶다는 생각을 했고 그 중에서도 대한민국 종합식품1위 기업의 일원이 되고 싶다는 생각을 했습니다.

[소통의 힘, 분석의 힘]
‘구매’라는 직무에 관심을 갖게 된 것은 무엇보다 관련부서와의 커뮤니케이션이 중요하다는 점이 매력적이었기 때문입니다. 저는 경희대 대전외고 동문회장, 연합봉사동아리 STAFF를 하면서 사람을 만나고 소통하는 법을 배웠고 소통에 자신감을 갖게 되었습니다. 

또한 다양한 변수에 대해 분석하고 의사 결정해야 하는 직무인 점 또한 매력적이었습니다. 저는 전국 200명,40개 대학교의 대학생이 미션을 수행하며 경쟁하는 마케팅 인턴쉽형 대외활동 ** Mobile Futurist를 통해 경쟁체재 속에서 살아 남기 위해 노력한 적이 있습니다. 

팀의 강점과 이기기 위한 전략을 분석해 미션 전국2위를 한 경험이 있으며 개인 14위까지 달성하는 쾌거를 이룬 적이 있습니다. 이는 팀원들 간의 소통과 경쟁상대의 변수 분석이 중요한 요소였습니다. 

[글로벌 역량을 갖춘 구매 전문가]
 저는 구매직무에 필요한 소통능력과 외국어 능력을 살리겠습니다. CJ 제일제당이 요우커를 공략한 식품에 힘을 싣는 것을 대비하여 현재 가지고 있는 일본어 능력에서 그치는 것이 아니라 중국어 능력을 배양하여 글로벌 시장의 선두기업이 되는 것에 일조하겠습니다."
67,"""민주적인 역량으로 1등 상금 500위안을 타다""

팀 과제에서 구성원 각자의 역할을 성실히 수행하여 1등을 해서 상금을 탔던 경험이 있습니다. 해당 과제는 학생들끼리 학교와 기숙사 주변의 생활모습에 대해 지도를 그려 외국인들에게 소개를 하는 과제였습니다. 팀 중에서 중국어를 제일 잘했던 제가 리더를 맡았고 구성원들과 과제에 대해서 자주 논의하는 시간을 가졌습니다. 리더로서 먼저 하고 싶었던 것은 팀원들과 함께 친해지는 것이었습니다. 그래서 먼저 식사 및 여러 관광지를 방문하는 약속 제안을 했습니다. 함께 여행을 다니고 밥을 먹으면서 서로를 알아갔습니다. 함께 생활했기 때문에 금방 친해졌고 이러한 저의 노력 덕분에 서로 과제 이야기를 하는 것에 불편함이 없었으며 의견 공유가 자유로웠습니다. 좋은점 1

물론 서로 팀 과제를 수행하며 의견 차이가 다소 있긴 했습니다. 제가 리더였기 때문에 가장 많은 의견을 어필했지만 제 의견이 강행되는 느낌을 없애기 위해 구성원들의 의견을 지속적으로 물어보며 역할 배정에 불만이 없도록 하였습니다. 예를 들어, 중국어를 아예 못하는 구성원 2명에겐 지도 그림 및 색칠 업무를 부여했고 다른 한명은 저와 함께 숙소 및 학교 주변을 돌아다니며 지도에 반영할 내용을 파악했습니다. 수시로 구성원들이 힘들어하는 것에 대해 물어보고 피드백을 받으며 함께 으쌰으쌰할 수 있도록 노력했습니다. 서로가 업무를 성실히하는 것뿐만 아니라 돈독하고 자연스러운 관계 덕분에 과제에서 1등을 할 수 있었습니다. 그리고 해당 과제의 1등 상금인 500위안을 받아서 구성원들과 함께 그 기쁨을 공유했습니다.아쉬운점 2좋은점 2"
68,"""1년간의 학부연구생 생활과 교내 우수 연구센터 인턴 경험""

Data 신뢰성이 중요한 생체신호 측정 관련 임베디드 시스템을 설계하고 HW 와 SW의 제품 평가를 통해 시험/ 분석 연구를 수행한 경험이 있습니다.   
주로 심전도, 체온, 산소포화도 웨어러블 기기에 대하여 고장 유형 및 기타 다른 요인으로 인한 제어 오류에 대해 제품 평가를 수행했습니다. 위 연구에서 쌓아온 역량을 바탕으로 교내 우수 연구센터에서 수면장애 진단 기기 설계 연구과제 프로젝트에 참여해 인턴 연구원으로서 주로 시험/분석 업무를 지속적으로 수행했습니다. 특히, OOOOOOO학회에 논문을 등재하고 국방과학기술을 활용한 창업경진대회에서도 팀장으로 참여해 제가 설계한 아이템으로 방위사업청장상 동상을 수상할 만큼 평균 이상의 결과물을 만들었습니다.  아쉬운점 1

""글로벌 자동차 기업의 기술지원 팀 인턴 경험"""
69,"<해결사>
20**년 겨울방학을 맞아 친구 2명과 프로젝트 그룹을 구성하였고 증강현실을 이용하는 게임을 만들기로 하였습니다. 하지만 한달 가량 지연되기 시작하였고 이를 해결하기 위해 소통을 하기 위한 자리를 자주 만들었고 계획을 수정하기 시작했습니다.

클라이언트 파트의 아키텍쳐 구성과 데이터베이스 그리고 프로젝트 문서작업을 받고, 두 명의 친구는 서로 협업을 할 수 있는 여유를 갖게 하여 능동적인 진행이 가능하도록 하였습니다.

모임을 통해 팀에 문제가 생겼을 때 빠르게 대처할 수 있었고 그 결과 지연되었던 부분이 해결되었습니다. 혼자서는 할 수 없는 규모의 일을 협력하면서 해낼 수 있었고 팀원의 부족한 점은 서로 채워주고 이끌어 주는 것이 팀워크란 것을 배웠으며 소통과 계획의 중요성을 배웠습니다."
70,"입사 후, UMC를 거쳐 국내 매장의 점장으로 성장하겠습니다. 매장의 매출성장을 위해 사원관리와 고객만족에 힘쓰겠습니다. 모든 직원과 함께 매장운영의 고민과 기쁨을 나누겠습니다. 또한 고객의 니즈를 미리 파악하고 고객의 불만을 앞서 해결하는 고객지향적인 매장을 만들겠습니다.

이 후, 스페인 시장에 진출하고 싶습니다. 유니클로는 국내 외 인지도가 매우 높지만 세계적으로 가장 인지도가 높은 SPA브랜드는 스페인의 자라입니다. 유니클로가 진출하지 않은 스페인 시장에 도전해 유니클로의 인지도를 세계적으로 드높이겠습니다."
71,"<고객가치 중심 캐나다에서도 通하다>
캐나다 워킹홀리데이를 떠나 유명한 베트남 쌀국수집에서 7개월간 조리사로 일하였습니다. 의사소통부터 작업 환경까지 모두 한국과 달라 적응하기 위해 많은 노력을 하였습니다. 반면 고객 감동을 위한 서비스는 한국에서 경험한 아르바이트 경력이 큰 도움이 되었습니다. 고객가치를 위한 서비스를 하면 통할 것으로 생각하고 음식을 만들었습니다.

쌀국수는 만들기가 비교적 간단하여 바쁜 시간에는 대부분 미리 만들어 서비스하였습니다. 하지만 저는 추운 겨울 따뜻한 쌀국수를 먹으러 오는 고객들의 관점으로 조금 힘들고 바쁘더라도 쌀국수를 마지막으로 조리하여 음식이 식기 전에 고객의 식탁에 올렸습니다. 이러한 결과 평균 시간당 8달러의 팁을 받아 직장 동료들의 부러움을 한몸에 받는 조리사가 될 수 있었습니다. 이러한 경험은 고객감동을 위한 글로벌 역량을 키워주었습니다."
72,"컴퓨터공학을 전공으로 하면서 부전공으로 전자공학을 공부하였습니다. 개발이나 유지보수를 하는 데 있어서 하드웨어에 대한 지식이 있으면 도움이 되리라 판단했습니다. 그리고 전자 공학을 전공하는 친구와 자주 교류하며 무선전력전송 같은 최신 기술에 대해서 정보를 얻고 저는 소프트웨어 쪽에서 최신 기술 동향 등을 알려주며 정보를 공유하고 있습니다.

입사 후에도 전산업무에 일을 한정하는 것이 아니라 실제 전력공급에 관한 업무와 신 에너지 개발 등 다른 업무와의 이해가 필요 할 것입니다. 저처럼 다른 분야에 대한 지속적 관심은 부서간의 소통하는 능력을 배양하고 체계적인 업무프로세스를 수립하는데 도움이 될 것입니다."
73,"""반도체 위탁생산에 11나노 공정 추가""

삼성전자는 반도체 Foundry 공정에 11나노 공정을 새로 개발해 내년 상반기부터 양산에 나선다고 발표했습니다. 11나노는 기존에 삼성전자가 주력으로 활용하던 14나노 반도체 미세공정을 기반으로 개발한 파생공정입니다. 14나노 반도체보다 성능은 최대 15% 높이고 반도체 크기는 10% 줄였습니다. 이번 공정 개발은 플래그십 스마트폰용이 아닌 중고가의 스마트폰 시장 점유율을 높이기 위한 전략입니다. 설계 변경이나 비용 증가 없이 더 좋은 반도체를 생산하게 되어 중고가 폰에도 차별화된 가치를 제공할 수 있을 것으로 보입니다.

삼성전자는 14, 11, 10, 8, 7나노에 이르는 로드맵을 완성하여 고객군의 선택지를 넓혀 경쟁력을 강화했습니다. 기존 14나노 공정을 11나노로 변경한 것은 중국에 대응하기 위한 기술개발로 보입니다. 커져가는 중국시장에 주도권을 주지 않고, 중고가 스마트폰 시장도 놓치지 않겠다는 것이 Foundry 사업부의 전략이라고 생각합니다.

""Foundry 사업부의 성장세와 잠재력""

삼성전자는 올해 4위인 Foundry 시장점유율을 2위로 끌어올리는 것이 목표지만, 경쟁사에 앞선 기술 경쟁력을 특화할 수 있는 만큼 향후 업계 1위인 대만의 TSMC도 따라잡을 수 있을 것으로 생각합니다. 실제로 Foundry 사업부의 성장세는 가파릅니다. 시장조사기관인 IHS 마킷에 따르면 삼성전자의 Foundry 사업 매출은 지난해 45억1800만 달러를 기록했고 이는 전년 대비 무려 78.6% 급증한 수치입니다.

Fabless 회사들이 많아짐에 따라 Foundry의 잠재력은 충분합니다. 설계도면 유출에 대한 우려로 Fabless 기업들이 꺼리는 것이 있었는데 Foundry를 분리함으로써 완전히는 아니더라도 어느 정도 해소가 되는 방법이라고 생각합니다. 현재 삼성전자의 Foundry 시장점유율은 6.9%이지만, 공정 미세화 기술력은 어느 곳과 비교해도 경쟁력이 충분하기 때문에 점유율은 충분히 올릴 수 있습니다.아쉬운점 1"
74,"제가 회사를 선택하는 기준은 실력과 진심입니다. 먼저 실력은 해당 분야에서 최고의 제품과 서비스를 제공할 수 있는지에 관한 것입니다. 현대중공업은 중공업 분야에서 독보적 기술 확보와 시스템을 바탕으로 약속을 지키는 회사로 고객들의 선택을 받고 있습니다. 현대중공업의 우수한 기술력과 서비스에 대한 신뢰는 국내뿐 아니라 세계적으로 가치를 창조하고 있습니다.
실력보다 중요하다고 생각하는 것이 진심입니다. 진심은 생산 및 판매에 머무는 단계를 넘어 고객에게 감동을 주고 신뢰, 존중을 위해 연구하는지에 관한 것입니다. 현대중공업은 HSE 경영방침에 따라 상위 가치를 추구하고 있으며 아산나눔재단 등을 통한 나눔 철학의 계승, 협력사와 긴밀한 관계 유지 등을 통한 사회공헌 역시 놓치지 않고 있습니다.아쉬운점 1"
75,"고객에 대한 관심이 서비스의 기본좋은점 1이라고 생각합니다.

[관심을 통한 사소한 배려]

가끔 머리 깎으러 다니던 곳이 있었습니다. 몇 번 가지 않았기에 디자이너와 많은 대화를 나누지 않았습니다. 회계사 2차 시험을 한 달 앞두고 머리를 자르러 갔습니다. 디자이너는 시험이 곧인데 힘내라며 마음에 안정이 되는 꽃차를 내려주었습니다. 관심에서 나오는 사소하지만 세심한 배려에 감동했습니다. 그 후로는 그곳에서 계속 머리를 자르고 있습니다.

[맛 집을 거부하게 한 무관심]

학교 근처에 고기 백반이 주된 메뉴인 식당이 있습니다. 그런데 사장님은 주된 고객인 대학생들에게 관심이 없으셨습니다. 대학생들은 금액 배분과 현금 휴대의 번거로움 때문에 카드로 더치페이를 주로 합니다. 사장님은 학생들의 현실에 관심이 없으셨습니다. 카드로 더치페이 할 때마다 표정을 붉히시며 왜 각자 따로 카드 결제를 하냐며 타박하셨습니다. 백반은 매우 맛있었습니다. 그러나 사장님의 서비스에 마음이 불편했고, 다시 찾지 않았습니다.

항공사를 이용하는 고객층은 가족단위 여행객부터 출장을 가는 회사원까지 다양합니다. 고객에 대한 관심을 통해 맞춤형 서비스를 제공하는 대한항공人이 되겠습니다.아쉬운점 1"
76,"""서두르지 않고 여유롭게""

약속 시각을 지킬 때 약속을 어긴 적은 없지만, 너무 급하게 도착해서 서두르는 경향이 많습니다. 약속 시각을 지킬 때는 최소 10분 전에 도착하는 것이 서두르지 않고 여유롭게 갈 수 있다 생각합니다. 앞으로 서두르지 않고 여유롭게 도착할 수 있게끔 시간 조절을 함으로써 약속 시각을 잘 준수하겠습니다.아쉬운점 1"
77,"""영어성적 : 9등급에서 만점까지""
제가 이룬 가장 큰 성취경험은 꾸준한 노력을 통해 목표를 이룬 것입니다. 고등학교 입학했을 때 모의고사 영어성적이 9등급이었습니다. 3년 동안 하루에 60개의 각 영어단어를 10번씩 쓰면서 필수 3,000단어를 반복적으로 외웠습니다. 

그리고 `문법을 잘 파악하면 독해를 잘할 수 있다`고 생각해서 한 달에 문법책 1권씩 총 30권을 풀었습니다. 수능에서 영어 성적을 만점 받았고 꾸준한 노력을 통하면 목표를 이룬다는 것을 알았습니다. 또한, 어떤 상황에 직면해도 목표를 향해 도전하면 이룰 수 있다는 자신감을 얻었습니다.
 
저의 가장 큰 실패경험은 컴퓨터 프로그래밍(C++)의 성적을 C+을 맞은 것입니다. 프로그래밍 입문을 제대로 배우지 못했고 성장의 시기를 놓쳤기 때문입니다. 군 복학 후 `이것을 극복해보자`는 마음으로 재수강을 했고 A의 성적을 받았습니다. 그 후로 다양한 교육 프로그램과 인턴을 통해 개발자에 대한 꿈을 가지게 되었습니다."
78,"""캐릭터 OSMU 가치와 라이센싱 사업에 대한 이해, 글로벌 라이센싱 사업 전문가를 향한 비전""

저는 CJ ENM 애니메이션 사업부에서 라이센싱 사업 확대 전략에 기여하고 싶습니다. 특히, CJ ENM은 캐릭터 상품, 어린이 뮤지컬 그리고 웹드라마의 다양한 형태로 애니메이션 콘텐츠의 OSMU 사업을 확대하고, 적극적인 해외 시장 개척 활동으로 캐릭터 최초 유네스코 소녀 교육 캠페인의 홍보 대사로 선정되는 성과를 만들었습니다. 따라서 저는 캐릭터, 영화, 공연의 문화 기획 경험과 라이센싱 사업에 대한 이해를 바탕으로, CJ ENM 애니메이션의 글로벌 성장을 지원하겠습니다.
아쉬운점 1
실제로, 저는 캐릭터 ‘뿌까’를 개발한 라이센싱 기업 ㈜OO의 인턴 활동으로, 캐릭터 콘텐츠의 OSMU 가치와 라이센싱 사업에 대한 이해를 넓힐 수 있었습니다. 일례로, 저는 농산물 유통 기업과의 콜라보레이션 프로젝트에 참여했습니다. 당시 고객사는 친근한 브랜드 이미지를 만들기 위한 캐릭터 개발과 온라인 커머스 사업의 캐릭터 활용기획을 의뢰하였고, 저는 캐릭터를 활용한 상품 페이지 기획 업무를 맡았습니다.

저는 먼저 온라인 커머스의 주 소비 계층과 온라인 유통 식품에 대한 불안감을 파악하였습니다. 그리고 상품 신뢰도를 높이는 농가, 농지 정보를 담기 위해, 브랜드 캐릭터가 자신의 이야기로 상품 정보를 소개하는 상품 페이지를 구성했습니다. 그 결과, 고객사와의 미팅을 통해 저의 기획은 실제 업무에 적용되었습니다. 그리고 저는 캐릭터의 OSMU 가치를 활용하는 라이센싱 사업을 이해하고, 캐릭터 콘텐츠를 활용한 기획 경험을 쌓을 수 있었습니다.아쉬운점 2"
79,"""에너지 해커톤: 포기하지 않는 열정을 배우다.""

해커톤에 나가서 시간적 한계에 부딪혀도 포기하지 않고 열정을 발휘한 경험이 있습니다. 해커톤을 참여하면서 가장 문제점으로는 짧은 제작 시간이었습니다. 보통 프로그램을 제작하게 되면 긴 시간이 있어야 하는데 2일이라는 제작 시간으로 저희는 제작 아이디어부터 고심했습니다. 아무리 좋은 아이디어가 나온다고 해도 2일이라는 제작 기간 동안 완성을 못 하면 실패이기 때문입니다.

그래서 팀원들과 함께 고심한 끝에 아이디어를 결정했습니다. 집에서 쓰고 있는 전기 사용량을 스마트폰으로 미리 확인을 가능하게 해서 전기 사용을 계획적으로 할 수 있는 APP을 제작하는 것이었습니다. 그리고 전자기기를 잘 사용하지 못하는 노인분들과 시각장애인을 위해 ARS 기능을 추가하여서 현재 사용한 전력에 따라 사용한 금액을 음성으로 알려줄 수 있는 기능을 구현하기로 했습니다.

EnerTalk API로 사용 전력 확인과 Google TTS와 Newtone API를 사용하였는데 역할을 분담하여서 제한된 시간에 맞추어 진행하였습니다. 처음에는 어려울 것 같다고 생각했지만 포기하지 않고 노력한 결과 시간 내에 완성되어서 에너지 해커톤 대상을 받았습니다. 짧은 시간이었지만 주제에 맞는 아이디어를 생각하고 기간에 맞추어서 업무 분담을 한 결과 1등을 했기 때문에 저에게는 많은 것을 배울 수 있었던 시간이었습니다. 앞으로 이러한 끈기를 유지하여 IBK기업은행에 입행 후에도 많은 어려움에도 포기하지 않고 완성을 위해 노력하겠습니다."
80,"ECS텔레콤에 대해서 알게 된 계기는 취업 설명회에 대한 학교의 공지였습니다. IP Telephony와 네트워크 분야에 관련이 있는 ECS텔레콤의 간략한 기업소개를 보고 난 후 관심을 두고 관련된 정보를 찾아보았습니다. ECS텔레콤이 추진하는 사업, 앞으로의 지향 방향 등을 조사한 뒤에, 취업 설명회와 상담회에 참여했습니다.

담당자분들과의 상담, 팀장님의 설명회를 통해서 ECS텔레콤만이 가진 강점, 안정성, 앞으로의 성장성과 업무에 대해 더 자세하게 알 수 있었습니다. 또한, 제가 기여할 점이 많다고 생각하게 되었습니다."
81,"""공터에서 창출한 혁신""

2011년 도시자원 업체에서 설비 개선을 한 경험이 있습니다. 소규모 업체였기 때문에 차량이 도로변에 나온 채로 작업하는 안전에 치명적인 구조였습니다. 저는 설비 배치가 비효율적이라 생각했고, 근무자분들께 작업장과 관련된 의견을 수렴하였습니다. 

그 결과, 제가 생각했던 것과 같은 견해를 확인할 수 있었고, 피드백을 받았습니다. 이에 저는 업체에 있는 폐자재로 2층 구조의 적재함 설치와 지게차 동선을 고려한 설비 배치 형태를 CATIA로 설계하였고, ANSYS를 통해 처짐에 대한 안정성을 확보한 뒤 건의하였습니다. 

제 건의는 실제로 적용되어 차량이 부지에 완벽히 들어갈 수 있었고, 지게차 동선 폭을 1m가량 확보할 수 있었습니다. 또한, 적재함 설치를 통해 차량에 적재하는 시간을 한 시간가량 줄일 수 있었습니다. 저는 제 직무 속에서 개선할 점을 끊임없이 생각하며, 행동으로 옮기는 도전적인 DNA를 가졌습니다."
82,"최근 한국국토정보공사의 충북본부를 비롯하여 경남, 제주, 대전·충남, 전북 본부 등에서 해당 지역 주민을 위한 무료 법률상담서비스를 앞다투어 시행하고 있습니다.

지적측량의 절차나 관련 법률상담, 일상생활에 필요한 법률상담을 함으로써 법률 사각지대에 있는 주민에게 도움을 주고자 시행하고 있습니다. 제가 인턴으로 근무했을 때 현장에 업무를 나가면 사업시행자들은 토지의 이해관계나 법의 절차에 대해 잘 알고 있어 측량의 진행 내용도 쉽게 이해하는 데 비해 지적측량의 중요성 및 필요성을 못 느끼는 개인 민원인들에게 측량의 내용을 설명하는 데 시간과 노력이 많이 소요됐었습니다.

홍보용 부채를 나눠드리고 책자도 드렸지만, 복잡한 지적 관련 이야기를 일반인이 이해하기란 쉽지 않았습니다. 앞으로 이러한 분들을 대상으로 지금 하는 법률상담서비스를 제공하는 범위와 내용을 확대하고 일회성 또는 단기간에 끝내는 것이 아니라 공사 내에서 국민을 위한 서비스화를 통해 법률지식을 제공한다면 관심이 없던 사람들도 관심을 갖게 될 것이며 토지를 소유하거나 소유하지 않은 사람들 모두 토지에 대한 이해가 높아져 앞으로 공사가 지적업무를 수행하는 데 있어 더 수월하지 않을까 생각합니다."
83,"[아름다움은 메모리스틱이다]
‘아름다움’은 ‘기억’의 전제조건이라 생각합니다. 기억하기 위해선 아름다워야 한다고 생각하며 아름다워야 기억이 남기 마련입니다.

누구나 길다가 스치는 사람에게 흘러나오는 향기에 뒤돌아보고 예전의 기억을 더듬어본 경험이 있을 것입니다. 이런 순간들 위해 아름다움이 필요하다고 생각합니다.

제가 생각하는 아름다움은 뷰티제품에 다양하게 포함되어 있는 향기이고, 그 향기는 과거 어떤 시절의 우리를, 그리고 누군가를 기억나게끔 도와줍니다. 그렇게 묻혀 있던 기억이 향기라는 아름다움을 통해 다시 생명을 갖고 무미건조한 삶에 기쁘기도 슬프기도 한 복잡한 변화를 제공합니다.

너무도 바쁘고 기억해야 할 것이 많은 현대인의 삶속에 우리는 많은 것을 잊어버리는데, 아름다움은 잊어버렸던 기억을 마치 메모리스틱 같이 따로 저장해주는 역할을 해줍니다.
또 다른 기억공간을 제공해주는 아모레퍼시픽에서 기억공간을 개발하는 연구를 지원하고 싶고, 더 많은 분들이 아모레퍼시픽을 통해 소중한 기억을 간직하는데 일조하고 싶습니다."
84,"""끝판왕 성격""
`하나에 꽂히면 끝을 보는 가치관`을 갖고 있습니다. 이러한 가치관을 바탕으로, Zero-base에서 전문성을 갖추기 위해 끊임없이 성장을 추구하며 현재의 무역인으로 성장할 수 있었습니다. 대학생 때, 다양한 진로를 찾기 위해 청강했던 `무역학 원론` 수업을 통해서 무역에 흥미를 갖기 시작했습니다. 그 이후로 전문적으로 배워보고 싶은 열의가 생겼고, 316시간의 국제 물류업 실무 교육을 수강하며 공부했습니다. 25명의 업계 현직자로부터 해상 수출입 교육을 이수하였고, 실무에서 빈번히 발생하는 이슈와 그에 대한 해결 방법 등을 들으며 무역 실무에 대한 전반적인 흐름을 파악하며 전문성을 쌓을 수 있었습니다. 이러한 노력 끝에, 다수 고객사의 영업 관리와 
화물 수출입을 담당하는 물류 영업인이 될 수 있었습니다."
85,"""발달장애 어린이들과의 굿즈 제작을 통한 소중한 경험""

대학생 CSR 아카데미 ‘OOOOOO’의 일원으로 활동하며 사회 공헌 프로젝트를 기획하였습니다. 암사재활원의 발달장애 아이들과 굿즈를 만들고 판매했던 과정에서, 실수 극복을 통해 최선의 결과를 도출하였습니다.좋은점 1

아이들이 직접 그린 디자인을 확보한 후, 굿즈 선정을 위한 회의가 있었습니다. 초기 제작비용이 상대적으로 컸던 티셔츠에 부담을 느꼈고, 상대적으로 싸고 제작이 빠른 달력과 책갈피를 선정하였습니다. 하지만 프로젝트 진행 시기는 7월이었기에, 연초와 연말 수요가 많은 달력 판매는 굉장히 부진했습니다. SNS 홍보를 통해 판매를 촉진하려 했지만, 수요 예측의 실패와 잘못된 제품군 선정은 매출에 큰 타격을 입혔습니다. 이에 대한 실수를 인지하고, 팀원들과 추가 회의를 거친 결과 티셔츠, 에코백의 추가 굿즈 항목을 선정하게 되었습니다.

새로운 제품군을 선정한 후, 암사재활원 굿즈는 큰 호응을 받았습니다. 기존 목표를 뛰어넘어, 61만 원의 판매 매출을 이뤄냈습니다. 실수를 빠르게 인지하고, 적극적으로 대처함으로 최선의 결과를 도출할 수 있다는 것을 느낀 경험이었습니다. 아쉬운점 1"
86,"사람다운 사람, OOO
꾸준히 한곳에서 일하는 것을 선호하며, 사람과 어울리는 것을 좋아하고 한번 맺은 인연에 대해 소중하게 생각합니다. 많은 사람을 만나보고 사회생활을 빠르게 경험하고 싶어서 대학교 입학 후 3년 6개월 동안 아르바이트를 했습니다. 좋은점 1

일터에서 만난 좋은 사람들과의 인연의 끈은 경조사 참석, 주기적인 모임으로 친밀한 관계를 유지해 오고 있습니다.

이러한 경험으로 나보단 상대방을 먼저 생각하고 각자의 입장에 대한 마음을 공감할 수 있게 됐습니다.

위를 바탕으로 ‘고객의 필요’를 충족시킬 수 있는 ‘혁신적인 연구개발’과 항상 같은 자세로 조화롭게 팀에 녹아들어 하나로 움직일 수 있는 마음을 가진, ‘신의’를 기반으로 꾸준한 자기 성찰과 정직한 자세를 견지하는 사람이 되겠습니다.아쉬운점 1"
87,"한창 자격증 취득에 열을 올리고 있었을 때 선생님의 권유로 스터디 그룹을 이끈 적이 있습니다. 멘토의 역할이 중요하지만, 당시 저는 자격증을 취득하기 위해 방과후 수업을 듣고 있어 두가지를 함께 진행할 시간이 부족한 상황이었습니다.
어떻게 할까 고심하다 쉬는시간과 점심시간 등의 자투리 시간을 활용하고 휴일인 토요일에 매주 학교에 모이도록 했습니다. 학교 시험과 자격증 시험이 겹친 상황이었기에 시간뿐만 아니라 제 자신의 스트레스도 상당했지만, 제가 맡은 일에 끝까지 책임감을 갖고 최선을 다하고 싶었기에 빈 교실에서 졸린 눈을 비벼가며 스터디를 했습니다. 또한 제가 가르쳐주지 못하는 시간에는 자습을 하도록 하여 후에 질문을 하게해 낭비하는 시간이 없도록 하며 반 학기 동안 운영하였습니다.
그 결과, 부원 대부분이 목표했던 결과를 이루거나 전체적인 성적이 향상되는 성과를 보이게 되었습니다.좋은점 1"
88,"최근 교육부에서는 4차 산업혁명 시대를 맞이하여 대학의 경쟁력을 강화하기 위해 ‘대학혁신지원방안’을 마련하여 대학교와 지자체 및 기업들과의 협업을 지원할 예정입니다. 산업 간의 경계가 허물어지며 기존의 시스템에 많은 변화가 요구되는 상황에서, 고등교육의 중추적인 역할을 하는 대학교에서도 이러한 대응은 필수적이라 생각합니다. 대학교는 단순히 학문을 가르치는 것에 그치는 것이 아니라 우리나라의 미래를 이끌어갈 인재들을 양성하는 장소가 되어야하기 때문입니다. 좋은점 1한편 서울대학교는 이러한 흐름 속에서 산학협력단을 통해 학생들에게 다양한 기업과의 협업 경험을 제공하여 학생들이 향후 우수한 인재로 거듭나도록 돕고 있습니다. 따라서 서울대학교는 대학교의 경쟁력은 곧 우수한 인재들로부터 비롯된다는 것을 상기하며 학생들에게 더 많은 기회를 제공하여 학생들이 우리나라를 이끌어갈 인재가 되는 발판을 마련해야 할 것입니다. 그래서 이를 위해 다양한 우수 기업 및 지자체와의 협약을 강화해야 할 것입니다.아쉬운점 1"
89,"""후회란 없다""

저의 집 가훈인 [부끄럽지 않은 사람이 되자]는 저에게 매사에 `후회하지 않도록 최선을 다하자!`라는 좌우명을 가지게 하였습니다. 이 좌우명을 바탕으로, 저는 더욱더 도전정신을 가지고 매사에 임하며, 소신 있게 행동할 수 있었습니다. 일하거나 사회생활을 하다 보면, 하고 싶지만 망설여지는 일도 많고, 한계가 보여 막막할 때도 있을 것으로 생각합니다. 하지만 저는 후회하지 않기 위해 도전하겠습니다. 도중에 좌절하거나 실패를 한다고 해도 그것은 저의 노력이 부족함이며, 그것을 뛰어넘기 위한 해결책을 위해 노력함으로써 또한 한 단계 더 성장할 수 있다고 생각합니다. 그러므로 저는 매사에 항상 도전하며, 그 도전을 두려워하지 않는 ""Changes for better""형 인재입니다! 아쉬운점 1"
90,"""특허출원의 기회를 얻다""

설비 유지보수 및 시설 관리를 위해서는 무엇보다 책임감, 성실함이 필요하다고 생각합니다. 그간 배워온 지식을 활용하여 팀원들과 6개월간의 노력으로 졸업 작품을 통해 특허를 출원한 경험이 있습니다.

최근 화두 된 무선전력전송 기술을 활용한 작품을 제작했습니다. 물론, 초기에는 기술에 대한 정보가 많이 없어 제작 과정에서 어려움을 겪었습니다. 효율이 상당히 낮았고, 회로의 전류가 높아 금방 고장이 발생하는 등의 문제가 발생했습니다. 문제를 해결하기 위해 기술자에게 조언을 구했고, 그것을 바탕으로 다시 제작했습니다. 자기공명 방식을 활용하기 때문에 공진주파수를 선정하여 알맞은 크기의 루프안테나를 제작 후 안정된 효율을 얻어냈습니다. 그리고 소자의 내구성과 회로의 안정성을 위해 각 소자는 제조 회사별로 비교하여 선정했고, 제작비 절감을 위해 PCB 기판을 직접 만들었습니다.

결과적으로 50cm까지 무선전력전송에 성공하였고 교내 대회 동상과 특허출원의 기회를 얻었습니다. 포기하지 않고 계속 시도하여 긍정적인 결과를 얻은 경험으로 아이쓰리시스템의 공무 팀에서도 맡은 직무를 책임감 있게 수행하는 모습을 보여드리겠습니다."
91,"[끈기와 노력의 힘]
친화력이 뚜렷하여 협동심을 좋아하며 조직원을 이해하고 배려하는 리더의 역할을 잘 수행하여 학창시절 조별활동과 동아리활동에서 좋은 성과를 얻어왔습니다. 이런 저의 배려하는 리더십은 사회에서의 큰 도움이 되었고, 어떤 일이든 활동적으로 자신에 대한 자신감이 높은 편이며 항상 긍정적 마인드로 상대방을 웃게 해주는 것, 사람들의 말을 경청하여 다음 대화에도 생각하여 대화를 이끌어 나갈 수 있게 기억하는 것, 의사소통 화합은 제 매력이자 큰 힘입니다. 또한 강력한 Service Mind와 대화능력을 갖췄습니다."
92,"제 성격의 가장 큰 장점은 누구와도 쉽게, 깊게 친해질 수 있다는 것입니다.
직장 생활을 하는 대다수의 직장인들은 하나같이 어떤 힘든 일보다도 인간관계가 어렵다고들 합니다.
수 많은 시간을 직장에서 보내야 하고, 그러다보니 직장 동료들과 가장 많은 시간을 보내야하기 때문입니다.
이런 가운데, 잘 맞지 않는 사람들과 함께 있는다는 것은 정말 지옥과도 같은 기분일 것입니다.
하지만, 저는 수 많은 아르바이트 생활을 통해 사람들과 사교하는 방법을 배웠고, 힘들더라도 능글맞게 구는 방법을 터득했습니다. 이는 군대 생활에서 빛을 발했는데, 고참들과의 관계에서도 매우 원활한 모습을 보였고, 부사관 지원하라는 권유를 듣기도 했습니다."
93,"[Beauty Planner]
아름다움과 건강은 인류가 끊임없이 추구해온 것들입니다. 아름다움을 느낄 때 그리고 건강할 때 우리는 행복을 느낄 수 있기 때문입니다.

즉, 이 둘은 행복의 조건이라는 점에서 큰 가치를 가집니다. 그리고 결국, 사람은 누구나 행복해지고 싶으므로 아름다움과 건강을 원합니다. 마찬가지로, 아모레퍼시픽 그룹도 인류의 행복을 위해서 건강한 아름다움을 제공한다고 생각합니다. 저 역시 영업 계획을 수립하고 실행하는 Beauty Planner로서, 고객들에게 행복을 선사하고 싶습니다.

이를 위해, 단기적으로는 사회조사분석사 1급의 자격을 갖춤으로써 데이터에 근거한 명확한 영업 방향과 목표를 설정할 것입니다. 그리고 회사, 매장, 고객 등 다양한 이해관계자들과 주 1회씩 소통을 함으로써, 모두의 행복을 위한 균형적인 전략을 세울 것입니다.

장기적으로는 팀원들과 국내외 뷰티트렌드 및 동아시아 문화에 대한 스터디를 정기적으로 진행할 것입니다. 차세대 아시아 뷰티시장의 고객들에게 건강한 아름다움을 전할 수 있는 인재로 거듭나기 위해서입니다. 끝으로, 세상을 변화시킬 수 있는 강인한 체력과 정신력을 위해 주말마다 운동하겠습니다."
94,"학생회를 하면서 행사를 준비할 때 학회장과 총무의 갈등이 있었습니다. 학회장은 정해진 예산을 좀 더 늘려 학우들에게 혜택을 주고 싶어했고 총무는 딱 잘라 예산만큼 쓰자는 것이었습니다.

다른 부장들도 총무의 말에 동의했고 저도 총무의 말이 옳다고 생각해 학회장에게 얘기했습니다. 학과의 장이기 때문에 따르는 것이 맞지만 주위의 다른 의견도 한번 정도 생각해야 할 것입니다. 그래서 학회장에게 지금 예산을 초과하면 다음 행사준비에 차질이 생기고 예기치 못한 상황이 발생할 수도 있으니 지금 아끼고 다음에 더 좋은 이벤트를 준비하자고 설득했습니다. 아쉬운점 1

여러 의견을 제시해 대화하며 타당하고 합리적인 생각을 바탕으로 업무에 기여하겠습니다."
95,"""두마리 토끼를 잡은 개발경험""

매 학년마다 C, C++, Java등 다양한 프로그래밍 언어를 배웠고, 개발에 흥미가 생기며 이를 연계한 아두이노 프로젝트를 시작했습니다. 평소에 쓰레기로 흘러넘치는 쓰레기통의 문제를 눈여겨 봤기에 쓰레기통 관리페이지를 개발하기로 결심했습니다. 개발에 필요한 자재구매부터 DB, 서버 구축까지 자력으로 했기에 뿌듯했습니다. 특히, 교내IP로 서버를 구축해서 발생한 네트워크장애를 해결한 경험이 가장 기억에 남습니다. 그 당시 교수님과 선배들도 전산실에서 새 IP주소를 받는 것을 추천했습니다. 하지만 저는 네트워크의 구조를 이해하며 DNS를 새로 지정함으로써 문제를 해결했습니다. 완성된 작품으로 개발프로젝트 과목에서 A를 받았고, 강의실쓰레기통과 연계시켜 효율적인 관리로 수거비용 절감을 이끌어냈습니다.좋은점 1

""다음은 없다"""
96,"하고자 하는 일은 꼭 해봐야 하는 성격입니다. `안 하고 후회하는 것보다, 하면서 즐기고 배우자`라는 말을 가슴속에 기억하고 살고 있습니다.
중학시절 음악을 CD플레이어로 듣던 것을 보고, `음악 CD를 구워서 싸게 팔면 되겠다`라는 생각을 하여 영화, 게임, 음악 등 CD를 제작하여 판매하였습니다. 매일 등교 시 교내의 각 반마다 제작 가능한 콘텐츠 목록을 작성하여 배부하고 하교 시 콘텐츠 또는 음악 CD의 구매를 원하는 친구들의 목록을 수거하고 다음날 판매를 하였습니다. 친구들은 필요한 제품을 싸게 구매할 수 있었으며 만족도가 높았습니다.
저의 첫 사업이었지만 불법인 것을 인지하고 그만두게 되었으나 친구들이 만족하는 모습을 보면서 희열을 느꼈으며 모르던 친구들을 알 수 있게 된 경험이었습니다."
97,"""새로운 방식으로 만들어낸 오토바이""

3D 모델링 프로젝트에서 오토바이를 새로운 방법으로 구현하여 더 높은 능률로 작품을 완성할 수 있었고 남는 시간에 작품을 개선하여 좋은 결과를 끌어낼 수 있었습니다.좋은점 1
 
대학교 2학년에 3D 설계 프로그램인 CATIA의 DMU 기능을 사용하여 오토바이를 조립하고 있었습니다. 그 기능은 파트를 한 번에 불러들인 후, 조립과 작동을 적용하는 기능이었습니다. DMU를 하기 위해선 하나의 컴퓨터밖에 사용하지 못하였기에, 효율이 낮다고 판단하여 조립과정을 분석하였고, 개선방안으로 효율이 높은 새로운 작동방식인 두 개의 어셈블리로 나눠 시간에 따라 실행하자고 하였습니다. 팀원들이 새로운 방식을 사용하게 되면 기존보다 어렵고 세밀한 작업이 필요하다고 하였지만, 시간의 단축과 높은 일의 능률을 통해 작품을 개선할 수 있다고 판단하여 설득했습니다.아쉬운점 1
 
새로운 방법이다 보니 여러 번의 시행착오를 겪었습니다. 그때마다 팀원들에게 좋은 방향으로 가고 있다는 확신을 주었고 그 결과 기존의 방법보다 훨씬 높은 능률로 작품을 완성해낼 수 있었습니다. 또한, 마감기한이 남아 작품을 개선하며 좋은 결과를 만들어 낼 수 있었습니다. 그 결과 팀 프로젝트에서 1등을 하여 A+학점을 받을 수 있게 되었습니다.아쉬운점 2"
98,"""갈등을 협력으로, 분석력을 통한 120%의 매출달성""

재경직은 숫자를 통해 상대방을 설득시키는 직무이기 때문에 수를 읽어내는 `분석력`은 본 직무를 위한 필수역량입니다. 저는 축제기간 음식판매를 기획하며 판매량 분석, 매출분석을 바탕으로 객관적인 지표를 만들어 상대방을 설득하고 전년대비 120%의 수익을 달성했습니다.

동아리에서는 매년 소시지를 판매해왔습니다. 총무가 되었던 동아리 활동 3년 차, 과거 축제에서 확인했던 꼬치류에 대한 높은 수요를 기억하며 닭꼬치 판매를 제안했습니다. 하지만 반대가 더 많았고 설득을 위해 많은 고민을 했습니다. 가장 먼저, 축제 첫날 일정량의 닭꼬치를 시험적으로 판매하자고 제안해 판매량을 시간별로 기록했습니다. 그리고 축제를 돌아다니며 닭꼬치를 판매하는 경쟁자들을 파악했습니다. 

저는 모여진 자료를 바탕으로 닭꼬치와 소시지의 매출액 비교, 원가와 순이익 분석, 매출 예측자료를 만들었고 동아리 원들을 설득할 수 있었습니다. 다음 날, 예상보다 많은 수익을 냈으며 길게 늘어선 손님들의 줄이 학교 TV와 신문에 나오기도 했습니다. 

저는 본 경험을 통해 뛰어난 언변과 아이디어보다 객관적인 자료가 사람에게 더욱 신뢰를 줄 수 있다는 것을 배웠습니다. 깨달음을 바탕으로 삼화페인트공업의 일원이 되어, 이해관계자들에게 올바르고 적합한 수치정보를 제공하겠습니다. 

""분석력, 재경관리를 위한 `힘`""

이 외에도 분석력을 키우기 위해 두 가지 노력을 했습니다. 첫째, 지식적 역량을 키우기 위해 재무관리, 회계, 세무공부를 꾸준히 했습니다. 즉, 직무를 위한 기본기를 갖추고 있습니다.

둘째, 경험입니다. oo고용디딤돌 회계교육을 받으며 재무·비재무적 정보를 기반으로 가치분석을 했습니다. 유통, 제조, 건설회사를 공급자/소비자/투자자/경쟁자/CEO의 입장에서 분석했습니다. 이를 위해서는 산업마다 차이를 보이는 회계계정에 대한 심도 있는 이해가 필수였습니다. 또한, 재무정보를 이용하는 모든 이해관계자들의 입장에서 어떻게 회계정보를 만들어야 하는지 배웠습니다."
99,"학생잡지사의 광고영업을 주도하며 올바른 가치정의 및 타깃팅의 중요성을 실감한 경험과 OOO 마케팅본부 인턴십 기간 그룹 바이럴 광고 촬영에 참여하며 캠페인 실행에 있어 현장 커뮤니케이션의 중요성을 배운 경험을 말씀드립니다.

2014년 봄, 항목3에 상기한 학생잡지사의 편집장으로 승진해 매체 광고영업을 주도하며 3개월간 단 1건, 30만원 규모의 광고만을 수주한 민망한 경험을 했습니다.

승진 후 저는 그간 독립잡지라는 정체성을 내세우며 광고영업을 하지않던 매체 방침을 변경해 매체품질을 개선하고 발행역량을 강화하고자 했습니다.
문제는 광고주 타깃팅 과정에 있었습니다. 수익구조 창출을 원하면서도 그간 이어온 `독립매체`라는 정의에 함몰된 나머지 개인브랜드, 문화공간 등을 대상으로만 광고영업을 진행한 것입니다. 지금까지 광고 집행을 해오긴 커녕 제작된 광고 비주얼도 없는 소규모 사업들이 이름도 들어보지 못한 저희 매체에 광고를 의뢰할 리 없었습니다.

문제 파악 후 저와 영업팀원들은 뒤늦게 매체 성격을 재정의하고 새로운 접촉 대상을 모색하는 작업에 들어갔습니다. 커뮤니케이션 채널들의 팔로워 및 독자피드백 분석을 통해 저희는 그간 독립잡지라는 정체성에 함몰돼 잊고 있던, `대학생 잡지`라는 매체의 핵심가치를 재발견할 수 있었습니다. 가치 정의 후 대학생 타깃의 캐주얼 패션 브랜드들을 타깃으로 광고영업을 재개했고, 늦게나마 배낭 브랜드 `잔스포츠`로부터 집행비용 30만원의 유가화보를 수주할 수 있었습니다.

성과 측면에선 성공적이지 못한 경험이지만, 상기 경험을 통해 올바른 가치정의, 고객 타깃팅의 중요성을 배울 수 있었습니다.
이어 이랜드그룹 마케팅본부 인턴십 기간, 그룹광고 캠페인 제작 프로젝트에 투입돼 전국 8개 도시 30개 브랜드 소속 매장을 촬영한 경험을 말씀드립니다.

촬영을 위해 매장들을 방문하며, 부서간 협의를 통해 조율된 일정이었음에도 저희 촬영팀을 대하는 현장의 태도가 달갑지 않은 것을 확인할 수 있었습니다. 광고 촬영이 그룹 차원의 의미 있는 활동임은 이해하지만, 당장의 매장 운영과 고객 응대에 지장을 주는 데 따른 불만 때문이었습니다. 도달 목표에만 집중한 나머지, 실제 접객을 통해 고객 경험이 완성되는 현장을 단순한 촬영의 배경으로만 취급한 실수를 저지른 것입니다. 현장에 대한 몰이해는 촬영 일정의 차질을 야기했고, 나아가 결과물의 품질 저하로 이어졌습니다.

상기 경험을 통해 저는 첫째, 협력사, 직원 등 조직의 내부 고객 역시 기업이 다뤄야 할 중요한 관계 관리의 대상임을 배웠고, 둘째, 실행 현장을 고려하지 못한 기획은 절대 온전한 가치를 발휘할 수 없음을 실감할 수 있었습니다."
