rank,cluster_id,question,noun_form
1,0,당사 지원 동기와 입사 후 포부를 기술하여 주십시오.,당사 지원 동기 입사 포부 기술
2,0,(입사 후 포부) 디캠프에 입사하면 무엇을 하고 싶으세요? (최대 500자 입력가능),디캠프 입사 무엇 싶으
3,0,"[신입]의 경우 '입사 후 본인이 보유한 경험 활용 계획과 포부'를, [경력]의 경우 '입사 후 본인이 보유한 경력사항 활용 계획'을 작성해 주세요.",신입 경우 입사 본인 보유한 경험 활용 계획 포부 경력 경우 입사 본인 보유한 경력사항 활용 계획 작성해
4,0,지원동기 및 입사 후 포부,지원동기 입사 포부
5,0,입사 후 포부 : 입사 후 10년 동안의 회사 생활 시나리오와 그것을 추구하는 이유를 기술해 주세요.,입사 포부 입사 10년 동안 회사 생활 시나리오 그것 추구 이유 기술해
6,0,입사 후 포부를 설명해주세요,입사 포부 설명해
7,0,"1. 직장을 선택할 때 중요하게 생각하는 가치/기준을 설명하고, 항공산업 중에서도 특히 대한항공에 지원하게 된 사유와 입사 후 포부에 대해 기술해 주십 시오.",직장 선택할 중요하게 생각 가치기준 설명 항공산업 중에서 특히 대한항공 지원하게 사유 입사 포부 대해 기술해 주십
8,0,지원동기 및 입사 후 포부 2500자 이내,지원동기 입사 포부
9,0,[지원동기 및 입사 후 포부],지원동기 입사 포부
10,0,당사에 지원하신 동기와 입사 포부에 대하여 기재하여 주시기 바랍니다.* [100자 이상 500자 이내],당사 지원하신 동기 입사 포부 기재 주시기 바랍니다
11,0,지원 동기 및 입사 후 포부에 대해 작성하세요.,지원 동기 입사 포부 대해 작성하
12,0,4. 입사 후 각오 및 장래 포부,입사 각오 장래 포부
13,0,입사 후 포부에 대해 작성하시오.*,입사 포부 대해 작성하
14,0,한국원자력의학원에 지원하게 된 동기 및 입사 후 포부를 기술하여 주십시오. (조직이해능력),한국원자력의학원 지원하게 동기 입사 포부 기술
15,0,특별히 뷰웍스를 선택한 이유와 입사 후 포부에 대해 기술해주십시오.,특별히 뷰웍스 선택한 이유 입사 포부 대해 기술해주
16,0,Q.1. 지원동기 및 입사 후 포부를 서술하시오,지원동기 입사 포부 서술하
17,0,우리 회사에 입사하여 어떤 경로로 성장하고 싶은지와 그 포부를 기술하십시오.,우리 회사 입사 어떤 경로 성장 싶은지 포부 기술하
18,0,동부건설에 지원한 동기와 입사 후 포부를 기술해주십시오.,동부건설 지원한 동기 입사 포부 기술해주
19,0,입사 후 포부 : 입사 후 회사생활 시나리오와 그것을 추구하는 이유를 기술해주세요.,입사 포부 입사 회사생활 시나리오 그것 추구 이유 기술해
20,0,지원동기 및 입사 후 포부를 서술하시오. (500),지원동기 입사 포부 서술하 500
21,0,지원동기 및 입사 후 포부를 기술하시오.,지원동기 입사 포부 기술하
22,0,입사 후 포부를 서술하시오.,입사 포부 서술하
23,0,입사 후의 계획 및 포부를 자유롭게 기술바랍니다.,입사 계획 포부 자유롭게 기술바랍니다
24,0,당사에 본인이 기여할 부분과 입사 후 포부를 구체적으로 작성해 주십시오,당사 본인 기여할 부분 입사 포부 구체적 작성해
25,0,입사 후 포부를 설명해주세요.,입사 포부 설명해
26,0,동부건설에 지원한 동기와 입사 후 포부를 기술해주십시오. (최대 500자 입력가능),동부건설 지원한 동기 입사 포부 기술해주
27,0,직무 수행간의 포부,직무 수행간 포부
28,0,입사 후 포부 (구체적 서술),입사 포부
29,0,지원동기 및 입사 후 포부(10년 후 나의 모습)를 기술해 주시기 바랍니다.,지원동기 입사 포부 기술해 주시기 바랍니다
30,0,입사 후 포부 : 입사 후 10년 동안의 회사생활 시나리오와 그것을 추구하는 이유를 기술해주세요.,입사 포부 입사 10년 동안 회사생활 시나리오 그것 추구 이유 기술해
31,0,지원 동기 및 입사 포부,지원 동기 입사 포부
32,0,입사 후 포부 : 입사 후 10년 동안의 회사생활 시나리오와 그것을 추구하는 이유를 기술해 주세요.,입사 포부 입사 10년 동안 회사생활 시나리오 그것 추구 이유 기술해
33,0,귀하의 지원 동기 및 입사 후 포부에 대해 간단하게 기술 바랍니다.,귀하 지원 동기 입사 포부 대해 간단하게 기술 바랍니다
34,0,입사 후 포부에 대해 작성하시오.,입사 포부 대해 작성하
35,0,지원부문 관련 지원동기와 입사 후 포부를 본인의 역량과 결부 시켜 구체적으로 기술하십시오.,지원부문 지원동기 입사 포부 본인 역량 결부 시켜 구체적 기술하
36,0,"국순당 지원동기는 무엇이며, 입사 10년 후 이루고자 하는 포부에 대해 기술하여 주십시오.",국순당 지원동기 무엇 입사 10년 이루고자 포부 대해 기술
37,0,입사 후 포부에 대해서 기술하시오.,입사 포부 기술하
38,0,입사 후 포부 : 입사 후 10년 동안의 회사생활 시나리오와 그것을 추구하는 이유를 기술해주세요,입사 포부 입사 10년 동안 회사생활 시나리오 그것 추구 이유 기술해
39,0,지원동기 및 입사 후 포부를 기술해 주시기 바랍니다.,지원동기 입사 포부 기술해 주시기 바랍니다
40,0,향후 재경본부 일원 으로서의 포부를 기술해주십시오.,향후 재경본부 일원 으로서 포부 기술해주
41,0,자기소개 양식을 자유롭게 작성해주세요.(양식 및 분량 제한 없음) - 인카금융서비스에 지원하게 된 동기 및 입사 후 포부,자기소개 양식 자유롭게 작성해 인카금융서비스 지원하게 동기 입사 포부
42,0,한국미니스톱에 지원하게 된 동기와 앞으로 입사 후의 포부를 서술하세요.,한국미니스톱 지원하게 동기 입사 포부 서술하
43,0,일룸의 영업전문직군에 지원하게 된 동기와 입사 후의 포부를 서술하세요.,일룸 영업전문직군 지원하게 동기 입사 포부 서술하
44,0,현대차증권에 지원한 동기와 입사 후 포부를 기술해 주십시오.,현대차증권 지원한 동기 입사 포부 기술해
45,0,입사 후 포부 : 입사 후 10년 동안의 회사생활 시나리오와 그것을 추구하는 이유를 기술해주세요. 500,입사 포부 입사 10년 동안 회사생활 시나리오 그것 추구 이유 기술해 500
46,0,당사 지원동기와 입사 후 포부를 기술하여 주십시오.,당사 지원동기 입사 포부 기술
47,0,지원동기 및 입사 후 포부를 기술하시오,지원동기 입사 포부 기술하
48,0,입사 후 자신의 포부 (1500자 이내),입사 자신 포부
49,0,입사 후 포부 (최소 100자),입사 포부
50,0,현대글로비스에 입사 후 본인만의 포부 및 비전을 서술해 주세요.(제한없음),현대글로비스 입사 본인만 포부 비전 서술해 주세요제한없음
51,0,입사 후 포부 및 자기개발 계획에 대하여 자유롭게 기술하세요. (글자수 제한 없음),입사 포부 자기개발 계획 자유롭게 기술하
52,0,지원동기/입사 후 포부,지원동기입사 포부
53,0,입사 후 자기 계발 계획 및 포부 (500자 이내),입사 자기 계발 계획 포부
54,0,입사 후 포부 (400자 이내),입사 포부
55,0,"지원동기/입사 후 포부 (최소 1자, 최대 400자 입력가능)",지원동기입사 포부
56,0,"입사 후, 직무중심 경력개발계획 및 성장경로를 기술바랍니다.",입사 직무중심 경력개발계획 성장경로 기술바랍니다
57,0,입사후 포부: 광동제약을 통해 실현하고 싶은 가치,입사후 포부 광동제약 실현 가치
58,0,입사 후 포부 및 자기개발 계획에 대하여 자유롭게 기술하세요.,입사 포부 자기개발 계획 자유롭게 기술하
59,0,우리 공사 지원동기 및 입사 후 포부에 대해 기술해 주십시오.,우리 공사 지원동기 입사 포부 대해 기술해
60,0,귀하의 지원 동기 및 입사 후 포부에 대해 간단하게 기술 바랍니다,귀하 지원 동기 입사 포부 대해 간단하게 기술 바랍니다
61,0,앞으로의 계획과 포부에 대해 기술해주시기 바랍니다.,앞으로 계획 포부 대해 기술해주시기 바랍니다
62,0,입사 후 포부 : 입사 후 1년 동안 회사생활 목표 및 시나리오와 그것을 추구하는 이유를 서술해주세요. 500,입사 포부 입사 1년 동안 회사생활 목표 시나리오 그것 추구 이유 서술해 500
63,0,입사 후 포부 : 입사 후 10년 동안의 회사 생활 시나리오와 그것을 추구하는 이유를 기술해 주세요. 500,입사 포부 입사 10년 동안 회사 생활 시나리오 그것 추구 이유 기술해 500
64,0,지원동기 및 입사 포부,지원동기 입사 포부
65,0,"당사에 지원하게 된 동기는 무엇이며, 입사 후 포부는 어떻게 되는지에 대하여 기술하여 주시기 바랍니다. (500자 내외)",당사 지원하게 동기 무엇 입사 포부 어떻게 되는지 기술 주시기 바랍니다
66,0,삼광랩트리에 입사 후 이루고 싶은 목표와 포부를 설명해 주십시오,삼광랩트리 입사 이루고 목표 포부 설명해
67,0,한샘에 지원한 이유와 입사 후 포부에 대해 말씀해주세요.,한샘 지원한 이유 입사 포부 대해 말씀해
68,0,입사 후 포부 : 입사 후 코리아세븐에서 이루고 싶은 포부에 대해 기술하여 주십시오.,입사 포부 입사 코리아세븐 이루고 포부 대해 기술
69,0,입사 후 포부: 입사 후 10년 동안의 회사 생활 시나리오와 그것을 추구하는 이유를 기술해 주세요. 500,입사 포부 입사 10년 동안 회사 생활 시나리오 그것 추구 이유 기술해 500
70,0,입사 후 본인의 포부에 대하여 서술해 주세요.,입사 본인 포부 서술해
71,0,입사 후 포부 : 입사 후 롯데푸드에서 이루고 싶은 것과 그 이유를 기술해주세요.,입사 포부 입사 롯데푸드 이루고 이유 기술해
72,0,입사 후 포부 및 계획 [,입사 포부 계획
73,0,입사 후 포부(최소 300자 최대 700자),입사 포부
74,0,"당사에 본인이 기여할 부분과 입사 후 포부를 구체적으로 작성해 주십시오 (최대 1,000자 입력가능)",당사 본인 기여할 부분 입사 포부 구체적 작성해
75,0,당사 지원한 사유와 입사 후 포부를 기술해 주세요. (글자 수 제한 없음),당사 지원한 사유 입사 포부 기술해
76,0,입사 후 포부 및 우리원에서의 역할 (600),입사 포부 우리원에서 역할 600
77,0,지원직무를 선택한 동기와 입사 후 포부에 대하여 서술하시오. (1000자 이내),지원직무 선택한 동기 입사 포부 서술하
78,0,지원부문 관련 지원동기와 입사 후 포부를 본인의 역량과 결부시켜 구체적으로 기술하십시오.(500자 이내),지원부문 지원동기 입사 포부 본인 역량 결부시켜 구체적 기술하
79,0,"우리 공단에 지원동기와 직무를 선택한 이유, 입사 후 목표와 포부를 기술해 주십시오. (500)",우리 공단 지원동기 직무 선택한 이유 입사 목표 포부 기술해 500
80,0,지원동기 및 입사 후 포부를 써주십시오. (300자 이내),지원동기 입사 포부 써주
81,0,지원동기 및 입사 후 포부 (800자),지원동기 입사 포부 800자
82,0,에이치엘그린파워에 입사 후 성장방향/포부를 기술하십시오.,에이치엘그린파워 입사 성장방향포부 기술하
83,0,지원 동기 및 입사 후 포부에 대하여 기술하시오.,지원 동기 입사 포부 기술하
84,0,지원동기 및 포부-서울의료원에 지원하게 된 동기 및 입사 후 포부(자신의 역량 및 강점 포함) (최대글자수 800),지원동기 포부서울의료원 지원하게 동기 입사 포부
85,0,입사 후 포부 및 우리원에서의 역할,입사 포부 우리원에서 역할
86,0,입행 후 포부를 2번과 연관지어 기술해 주십시오. (최대 600자 입력가능),입행 포부 2번 연관지어 기술해
87,0,입사 후 코리아세븐에서 이루고 싶은 포부에 대해 기술하여 주십시오,입사 코리아세븐 이루고 포부 대해 기술
88,0,입사 후 포부: 입사 후 10년 동안의 회사생활 시나리오와 그것을 추구하는 이유를 기술해주세요.,입사 포부 입사 10년 동안 회사생활 시나리오 그것 추구 이유 기술해
89,0,입사 후 포부(2000),입사 포부2000
90,0,"CJ ENM(오쇼핑부문)에 지원한 동기는 무엇이며, 입사 후 포부에 대해 구체적으로 작성해 주세요. ① 지원동기 및 해당직무를 오쇼핑에서 수행하고자 하는 이유 ② 해당직무 입사 후 성장 포부를 포함하여 작성 (1,500자 이내)",CJ ENM 지원한 동기 무엇 입사 포부 대해 구체적 작성해 지원동기 해당직무 오쇼핑 수행하고자 이유 해당직무 입사 성장 포부 포함 작성
91,0,"한국전력공사에 지원하게 된 동기, 희망 직무를 선택한 이유 그리고 입사 후 포부를 본인의 교육사항 , 경험/경력 등과 연계하여 구체적으로 기술하여 주십시오.",한국전력공사 지원하게 동기 희망 직무 선택한 이유 그리고 입사 포부 본인 교육사항 경험경력 연계 구체적 기술
92,0,DHL Global Forwarding Korea Ltd. 입사를 위해 한 노력,DHL Global Forwarding Korea Ltd 입사 노력
93,0,아시아나항공 캐빈승무원에 지원하게 된 동기와 입사 후 포부를 서술하여 주십시오.,아시아나항공 캐빈승무원 지원하게 동기 입사 포부 서술
94,0,본인의 입사 후 포부 및 향후 목표를 기술하여 주십시오.,본인 입사 포부 향후 목표 기술
95,0,당사를 지원한 동기와 입사 후 포부에 대해 기술하여 주시기 바랍니다. [ 1자 이상 500자 이내],당사 지원한 동기 입사 포부 대해 기술 주시기 바랍니다
96,0,입사 후 계획 및 포부,입사 계획 포부
97,0,지원 동기와 입사 후 포부,지원 동기 입사 포부
98,0,입사지원동기 및 포부,입사지원동기 포부
99,0,당사 지원동기 및 입사 포부,당사 지원동기 입사 포부
100,0,입사 후 포부(500자),입사 포부500자
101,0,BGF리테일에 지원하게 된 동기와 입사 후 포부에 대하여 기술하시오.,BGF리테일 지원하게 동기 입사 포부 기술하
102,0,서울의료원에 지원하게 된 동기 및 입사 후 포부(자신의 역량 및 강점 포함),서울의료원 지원하게 동기 입사 포부
103,0,입사지원동기와 입사 후 포부를 본인의 직무역량과 결부시켜 구체적으로 기술.,입사지원동기 입사 포부 본인 직무역량 결부시켜 구체적 기술
104,0,입사 후 포부 : 입사 후 10년 동안의 회사생활 시나리오와 그것을 추구하는 이유를 기술해주세요(500자 이내),입사 포부 입사 10년 동안 회사생활 시나리오 그것 추구 이유 기술해
105,0,본인이 지원한 직무의 지원 동기 및 관련경험과 입사 후 포부를 기술해 주세요,본인 지원한 직무 지원 동기 관련경험 입사 포부 기술해
106,0,장래희망 및 포부 [400자],장래희망 포부 400자
107,0,지원 동기와 입사 후 포부에 대해 말씀해주세요.,지원 동기 입사 포부 대해 말씀해
108,0,"롯데면세점 입사 후 이루고 싶은 목표와 앞으로의 계획, 포부에 대해 이야기해주세요.",롯데면세점 입사 이루고 목표 앞으로 계획 포부 대해 이야기해
109,0,동기 포부 1500자,동기 포부 1500자
110,0,학교 생활 및 입사 후 포부,학교 생활 입사 포부
111,0,지원동기 및 입사 후 포부를 서술하시오. (0Bytes / 1000 Bytes),지원동기 입사 포부 서술하
112,0,농산물 수출의 포부와 계획,농산물 수출 포부 계획
113,0,미니스톱을 지원하게 된 동기와 입사 후 포부에 대하여 기술하시오. (997/1000자),미니스톱 지원하게 동기 입사 포부 기술하
114,0,(아시아나항공에 입사하게 된다면) 입사 후 포부를 서술하여 주십시오. (500자 이상 600자 이내),입사 포부 서술
115,0,입사 후 포부 (구체적 서술) *500자,입사 포부 500자
116,0,신협 지원 동기 및 입사 후 포부를 작성해 주세요.,신협 지원 동기 입사 포부 작성해
117,0,입사 후 포부 및 성장계획,입사 포부 성장계획
118,0,아시아나항공 캐빈승무원에 지원하게 된 동기와 입사 후 포부를 서술하여 주십시오. * [500자 이상 700자 이내],아시아나항공 캐빈승무원 지원하게 동기 입사 포부 서술
119,0,지원분야와 관련하여 인천관광공사에 지원한 동기와 입사 후 포부를 서술해 주시기 바랍니다. (600자 이내),지원분야 관련 인천관광공사 지원한 동기 입사 포부 서술해 주시기 바랍니다
120,0,"지원 동기와 입사 후 포부에 대해 말씀해주세요. 798/800 (글자 수, 공백 포함)",지원 동기 입사 포부 대해 말씀해 798800
121,0,입사 후 포부를 작성해 주십시오,입사 포부 작성해
122,0,입사 후 포부는 무엇입니까?,입사 포부 무엇입니까
123,0,"입사 후 포부 : IT Trend, 기술/시장동향을 고려하여 입사 후 10년 동안 회사에서 이루고자 하는 포부와 그것을 추구하는 이유를 기술해주세요.",입사 포부 IT Trend 기술시장동향 고려 입사 10년 동안 회사 이루고자 포부 그것 추구 이유 기술해
124,0,입사 후 포부 / 700,입사 포부 700
125,0,입사 후 포부를 작성해 주십시오. (500자),입사 포부 작성해 500자
126,0,입사 후 포부 : 입사 후 10년 동안의 회사생활 시나리오와 그것을 추구하는 이유를 기술해주세요. (500자),입사 포부 입사 10년 동안 회사생활 시나리오 그것 추구 이유 기술해 500자
127,0,"입사 후 포부 : 입사 후 10년 동안의 회사생활 시나리오와 그것을 추구하는 이유를 기술해주세요. 470/500 (글자 수, 공백 포함)",입사 포부 입사 10년 동안 회사생활 시나리오 그것 추구 이유 기술해 470500
128,0,입사 후 포부: 입사 후 10년 동안의 회사생활 시나리오와 그것을 추구하는 이유를 기술해주세요. (500),입사 포부 입사 10년 동안 회사생활 시나리오 그것 추구 이유 기술해 500
129,0,입사 후 포부: 광동제약을 통해 실현하고 싶은 가치 (700자),입사 포부 광동제약 실현 가치 700자
130,0,당사 지원한 사유와 입사 후 포부를 기술하시오. (글자수 제한 없음),당사 지원한 사유 입사 포부 기술하
131,0,입사 후 본인의 직무중심 경력개발계획 및 성장방향을 기술바랍니다.,입사 본인 직무중심 경력개발계획 성장방향 기술바랍니다
132,0,입사동기 및 입사를 위한 노력,입사동기 입사 노력
133,0,입사 후의 포부 및 계획,입사 포부 계획
134,0,직장으로 한국철도공사에 지원하게 된 동기와 입사 후 포부를 기술하여 주십시오.,직장 한국철도공사 지원하게 동기 입사 포부 기술
135,0,입사 후 포부에 대하여,입사 포부
136,0,지원동기 및 입사 후 포부는 무엇인지 서술하여 주시기 바랍니다.,지원동기 입사 포부 무엇인지 서술 주시기 바랍니다
137,0,지원동기 및 입사 후 포부 (600자),지원동기 입사 포부 600자
138,0,게임빌 지원동기 및 입사 후 포부에 대해 말씀해주세요.,게임빌 지원동기 입사 포부 대해 말씀해
139,0,장래 포부-700자 이내,장래 포부
140,0,지원동기 및 입사 후 포부를 서술하시오.,지원동기 입사 포부 서술하
141,0,"직장으로 항공사, 특히 대한항공에 지원하게 된 동기와 입사 후 포부를 간단하게 작성하여 주십시오(600자 이내)",직장 항공사 특히 대한항공 지원하게 동기 입사 포부 간단하게 작성
142,0,입사 지원 동기 및 입사 시 회사에 기여하고자 하는 포부를 기술해 주십시오.,입사 지원 동기 입사 회사 기여하고자 포부 기술해
143,0,우리공사 지원 동기 및 입사 후 포부에 대해 기술해 주십시오.,우리공사 지원 동기 입사 포부 대해 기술해
144,0,입사 후 포부와 이유를 서술하세요,입사 포부 이유 서술하
145,0,컴투스 지원동기 및 입사 후 포부,컴투스 지원동기 입사 포부
146,0,미니스톱을 지원하게 된 동기와 입사 후 포부에 대하여 기술하시오. (1000자),미니스톱 지원하게 동기 입사 포부 기술하
147,0,그러한 핵심가치를 기반으로 지역난방공사에서 성장하기 위한 포부를 구체적으로 기술하십시오.,그러한 핵심가치 기반 지역난방공사 성장하기 포부 구체적 기술하
148,0,본인의 입사 후 포부 및 향후 자기계발 계획에 대해서 구체적으로 기술해 주십시오. (1000자 이내),본인 입사 포부 향후 자기계발 계획 구체적 기술해
149,0,입행 후 우리은행에서 이루고자 하는 목표와 포부에 대해 설명해 주십시오.,입행 우리은행 이루고자 목표 포부 대해 설명해
150,0,입사 후 포부 (500자),입사 포부 500자
151,0,입사 후 기대역할(수준),입사 기대역할수준
152,0,입사 후 포부를 작성해 주세요.,입사 포부 작성해
153,0,지원동기 및 입사 후 포부 (400~2000자),지원동기 입사 포부
154,0,"""야무지게""를 키워드로 하여 자유롭게 기술해 주세요. (경험담, 포부, 연상되는 것, '나'의 생각, 시 등",야무지게 키워드 자유롭게 기술해 경험담 포부 연상되 생각
155,0,"[지원동기 및 입사 후 포부] 대한항공에 입사하는 경우 본인이 희망하는 직무는 무엇이며, 그 직무의 수행을 위한 본인만의 경쟁력을 기술하시오.(600자 이내)",지원동기 입사 포부 대한항공 입사 경우 본인 희망 직무 무엇 직무 수행 본인만 경쟁력 기술하
156,0,입사 후 포부 : 입사 후 10년 동안의 회사생활 시나리오와 그것을 추구하는 이유를 기술해주세요.(500),입사 포부 입사 10년 동안 회사생활 시나리오 그것 추구 이유 기술해주세요500
157,0,"입사 후 포부 : IT Trend, 기술/시장동향을 고려하여 입사 후 10년 동안 회사에서 이루고자 하는 포부와 그것을 추구하는 이유를 기술해주세요.(500)",입사 포부 IT Trend 기술시장동향 고려 입사 10년 동안 회사 이루고자 포부 그것 추구 이유 기술해주세요500
158,0,"창업진흥원에 지원하게 된 동기와 지원 분야의 직무 수행을 위해 준비해 온 과정, 입사 후 포부에 대하여 기술해 주시기 바랍니다.",창업진흥원 지원하게 동기 지원 분야 직무 수행 준비해 과정 입사 포부 기술해 주시기 바랍니다
159,0,앞으로의 계획과 포부에 대해 기술해주시기 바랍니다. [100자 이상 500자 이내],앞으로 계획 포부 대해 기술해주시기 바랍니다
160,0,입사 후 포부(Vision)에 대하여.,입사 포부
161,0,입사 후 포부 및 기타 자유롭게 기술하여 주십시오. (500 자 10 단락 이내),입사 포부 기타 자유롭게 기술
162,0,입사 후 포부에 대하여 말씀해 주십시오. [1000자 이내],입사 포부 말씀해
163,0,입사 후 포부를 작성해 주십시오.,입사 포부 작성해
164,0,입사 후 포부 [500자 이내],입사 포부
165,0,3) 그러한 핵심가치를 기반으로 지역난방공사에서 성장하기 위한 포부를 구체적으로 기술하십시오.(150~300자),그러한 핵심가치 기반 지역난방공사 성장하기 포부 구체적 기술하
166,0,입사 후 포부(Vision)에 대하여. (800자),입사 포부 800자
167,0,직무에 대한 입사 후 포부,직무 입사 포부
168,0,입사 후 희망 업무 및 포부,입사 희망 업무 포부
169,0,지원동기 및 입사 후 포부 700자,지원동기 입사 포부 700자
170,0,입사 후 포부를 기술해 주세요.,입사 포부 기술해
171,0,입사 후 포부는 무엇입니까? * [0자 이상 500자 이내],입사 포부 무엇입니까
172,0,BGF 리테일에 지원하게 된 동기와 입사 후 포부에 대해 기술하시오.,BGF 리테일 지원하게 동기 입사 포부 대해 기술하
173,0,본인의 포부와 그 포부를 달성하기 위해 어떠한 준비와 노력을 하였는지 기술 하십시오.,본인 포부 포부 달성하기 어떠한 준비 노력 하였는지 기술
174,0,뷰웍스를 지원하게 된 동기 및 입사 후 포부에 대해 구체적으로 기술하시오. (500자 이내),뷰웍스 지원하게 동기 입사 포부 대해 구체적 기술하
175,0,입사지원 동기와 입사후 포부,입사지원 동기 입사후 포부
176,0,청년인턴 지원 동기와 입사 후 포부,청년인턴 지원 동기 입사 포부
177,0,본인이 지원한 직무분야에 입사하기 위해 노력한 점과 입사 후 포부,본인 지원한 직무분야 입사하기 노력한 입사 포부
178,0,JINAIR에 지원하게 된 동기와 입사 후 포부에 대해 서술해 주십시오.(1000),JINAIR 지원하게 동기 입사 포부 대해 서술해 주십시오1000
179,0,BGF리테일에 지원하게 된 동기와 입사 후 포부에 대하여 기술하시오. (2100byte),BGF리테일 지원하게 동기 입사 포부 기술하
180,0,희망 업무 및 입사 후 포부,희망 업무 입사 포부
181,0,"(★단일 질문, 글자수 제한없음) 성격 장단점 및 생활신조, 지원동기, 입사 후 포부",성격 장단점 생활신조 지원동기 입사 포부
182,0,BGF리테일에 지원하게 된 동기와 입사 후 포부에 대하여 기술하시오,BGF리테일 지원하게 동기 입사 포부 기술하
183,0,입사후 포부 및 장래 희망,입사후 포부 장래 희망
184,0,직무관련 향후 계획 및 포부,직무 향후 계획 포부
185,0,입사 후 포부(Vision)에 대하여. (460자),입사 포부 460자
186,0,"입사 후 3년,5년,10년 후 목표 및 포부와 그것을 실행하기 위한 구체적 방법을 기술하시오.",입사 3년5년10년 목표 포부 그것 실행하기 구체적 방법 기술하
187,0,입사 후 포부(Vision)에 대하여.(800바이트),입사 포부
188,0,입사 후 포부(10년 후 나의 모습)를 기술해 주시기 바랍니다. 300자,입사 포부 기술해 주시기 바랍니다 300자
189,0,입사후 포부: 입사 후 10년동안의 회사생활 시나리오와 그것을 추구하는 이유를 기술해주시오.(500자),입사후 포부 입사 10년동안 회사생활 시나리오 그것 추구 이유 기술해주시오500자
190,0,지원하게 된 동기와 입사 후 포부 (500자),지원하게 동기 입사 포부 500자
191,0,지원 동기 및 입사 후 포부,지원 동기 입사 포부
192,0,입사 후 포부(Vision)에 대하여(460자),입사 포부 대하여460자
193,0,많은 직장 중에서 항공사를 선택하게 된 이유와 특히 대한항공에 지원하게 된 동기 및 입사 후 포부에 대해 구체적으로 기술하시오. (600자 이내),직장 항공사 선택하게 이유 특히 대한항공 지원하게 동기 입사 포부 대해 구체적 기술하
194,0,지원동기 및 입사 후 포부 : 구체적인 지원동기를 기술,지원동기 입사 포부 구체적인 지원동기 기술
195,0,입사 후 포부 (500자 이상 800자 이내),입사 포부
196,0,"입사 후 포부: IT Trend, 기술/시장동향을 고려하여 입사 후 10년 동안의 회사에서 이루고자 하는 포부와 그것을 추구하는 이유를 기술해주세요.",입사 포부 IT Trend 기술시장동향 고려 입사 10년 동안 회사 이루고자 포부 그것 추구 이유 기술해
197,0,"입사 후 포부 796/800 (글자 수, 공백 포함)",입사 포부 796800
198,0,입사 후 포부에 대해 기술하세요.,입사 포부 대해 기술하
199,0,입사 후 업무추진계획 및 VISION,입사 업무추진계획 VISION
200,0,입사 후 포부 : 입사 후 10년 동아의 회사생활 시나리오와 그것을 추구하는 이유를 기술해주세요.,입사 포부 입사 10년 동아 회사생활 시나리오 그것 추구 이유 기술해
201,0,입사 후 포부(Vision)에 대하여,입사 포부
202,0,우리공사 지원 동기 및 입사 후 포부에 대해 기술해 주십시오,우리공사 지원 동기 입사 포부 대해 기술해
203,0,입사 후 포부 입사후 10년간 시나리오 와 그것을 추구하는 이유 500자,입사 포부 입사후 10년간 시나리오 그것 추구 이유 500자
204,0,입사후 포부 및 계획,입사후 포부 계획
205,0,"입사 후 포부, 발전계획",입사 포부 발전계획
206,0,우리 회사에 지원한 동기와 입사 후 포부를 자유롭게 기술하시기 바랍니다.,우리 회사 지원한 동기 입사 포부 자유롭게 기술하시기 바랍니다
207,0,입사 후 포부: 입사 후 10년 동안의 회사생활 시나리오와 그것을 추구하는 이유를 기술해주세요. 500,입사 포부 입사 10년 동안 회사생활 시나리오 그것 추구 이유 기술해 500
208,0,회사 입사 후 동료나 후배가 같은 실수를 한다면?,회사 입사 동료 후배 실수 한다면
209,0,"입사 후 포부: IT Trend, 기술/시장동향을 고려하여 입사 후 10년 동안 회사에서 이루고자 하는 포부와 그것을 추구하는 이유를 기술해주세요.",입사 포부 IT Trend 기술시장동향 고려 입사 10년 동안 회사 이루고자 포부 그것 추구 이유 기술해
210,0,인턴직원 지원동기 및 입사 후 포부 (200자 이상 400자 이내),인턴직원 지원동기 입사 포부
211,0,입사 후 포부 (496/500),입사 포부
212,0,입사지원 이유와 포부,입사지원 이유 포부
213,0,"입사 후, 경력개발",입사 경력개발
214,0,입사 후 포부(vision)에 대하여,입사 포부
215,0,입사동기 및 입사 후 포부,입사동기 입사 포부
216,0,입사 후 포부: 광동제약을 통해 실현하고 싶은 가치 (350자),입사 포부 광동제약 실현 가치 350자
217,0,입사후 포부 10년 시나리오,입사후 포부 10년 시나리오
218,0,입사 후 포부: IT 트랜드/기술동향을 고려하여 입사 후 10년 동안 회사에 이루고자 하는 포부와 그것을 추구하는 이유를 기술해주세요. (500자),입사 포부 IT 트랜드기술동향 고려 입사 10년 동안 회사 이루고자 포부 그것 추구 이유 기술해 500자
219,0,본인이 지원한 직무분야에 입사하기 위해 노력한 점과 입사 후의 포부를 구체적으로 서술하십시오.,본인 지원한 직무분야 입사하기 노력한 입사 포부 구체적 서술하
220,0,입사 후 포부 : IT 트랜드/기술동향을 고려하여 입사 후 10년 동안 회사에서 이루고자 하는 포부와 그것을 추구하는 이유를 기술해주세요. (500자),입사 포부 IT 트랜드기술동향 고려 입사 10년 동안 회사 이루고자 포부 그것 추구 이유 기술해 500자
221,0,입사 후 기대역할 *향후 롯데월드에서의 역할에 대한 포부 및 계획에 대하여 기술하여 주십시오.,입사 기대역할 향후 롯데월드에서 역할 포부 계획 기술
222,0,입사후 본인의 자기개발/경력개발 계획 및 포부*,입사후 본인 자기개발경력개발 계획 포부
223,0,청년인턴을 지원한 동기와 입사 후 포부에 대해 자유롭게 기술하시오.,청년인턴 지원한 동기 입사 포부 대해 자유롭게 기술하
224,0,응모동기 및 포부 [ 100자 이상 800자 이내 ],응모동기 포부
225,0,지원동기 및 입사 후 포부 (500바이트 ~ 1700바이트),지원동기 입사 포부
226,0,청년인턴을 지원한 동기와 입사 후 포부에 대해 자유롭게 기술하세요.,청년인턴 지원한 동기 입사 포부 대해 자유롭게 기술하
227,0,지원동기 및 입사 후 포부 한화시스템에 지원하는 이유는 무엇이고 입사 후 이루고자 하는 지원자의 비전에 대하여 작성하여 주십시오.,지원동기 입사 포부 한화시스템 지원 이유 무엇 입사 이루고자 지원자 비전 작성
228,0,지원동기 및 입사 후 포부 [ 500자 이상 1200자 이내 ],지원동기 입사 포부
229,0,"현대글로비스 인턴십 과정을 통해 이루고 싶은 단기적인 목표와 향후 본인의 장기적인 미래 계획을 상세히 기술하여 주시길 바랍니다. [미션 및 비전, 입사 포부 등] (700자)",현대글로비스 인턴십 과정 이루고 단기적인 목표 향후 본인 장기적인 미래 계획 상세히 기술 주시길 바랍니다 미션 비전 입사 포부 700자
230,0,앞으로 20년후 자신의 모습/입사후 포부에 대해 기술하시오,20년후 자신 모습입사후 포부 대해 기술하
231,0,입사 후 포부 (400자),입사 포부 400자
232,0,(2)입사 후 포부 및 공사에서의 역할,2입사 포부 공사에서 역할
233,0,(주)아이센스를 지원하게 된 동기와 입사 후 포부에 대하여 기술해주세요. (700자),주아이센스 지원하게 동기 입사 포부 기술해 700자
234,0,입사 후 미래의 포부 및 Vision (400자),입사 미래 포부 Vision 400자
235,0,입사 후 포부 : IT 트랜드/기술동향을 고려하여 입사 후 10년 동안 회사에서 이루고자 하는 포부와 그것을 추구하는 이유를 기술해주세요.,입사 포부 IT 트랜드기술동향 고려 입사 10년 동안 회사 이루고자 포부 그것 추구 이유 기술해
236,0,입사 후 포부(1000자 이내 자유 서술),입사 포부
237,0,입사 후 포부를 서술하시오. [ 100자 이상 500자 이내 ],입사 포부 서술하
238,0,입사 후 포부(Vision)에 대해,입사 포부 대해
239,0,쿠팡맨에 지원한 동기 및 입사 후 포부를 기술하세요.,쿠팡맨 지원한 동기 입사 포부 기술하
240,0,(공통) 당사 및 응시 부문 지원동기와 입사 후 포부에 대해 말씀하여 주십시오.[최소 200자 이상 최대 600자 이하],공통 당사 응시 부문 지원동기 입사 포부 대해 말씀 주십시오최소 최대 600자 이하
241,0,입사지원 동기 및 입사 후 포부,입사지원 동기 입사 포부
242,0,본인의 입사 후 포부에 대해 서술하시오.,본인 입사 포부 대해 서술하
243,0,"롯데면세점 입사 후 이루고 싶은 목표와 앞으로의 계획, 포부에 대해 이야기해 주십시오.",롯데면세점 입사 이루고 목표 앞으로 계획 포부 대해 이야기해
244,0,[자기개발능력] 본인의 포부와 그 포부를 달성하기 위해 어떠한 준비와 노력을 하였는지 기술 하십시오,자기개발능력 본인 포부 포부 달성하기 어떠한 준비 노력 하였는지 기술
245,0,입사 후 포부 : 입사 후 10년 동안 회사에서 이루고자 하는 포부와 이를 실현하기 위하여 어떠한 노력을 할 것인지 기술 해주십시오.(1000자 이내),입사 포부 입사 10년 동안 회사 이루고자 포부 실현하기 어떠한 노력 것인지 기술 해주
246,0,본인의 가치관에 근거하여 현대모비스를 지원하게 된 이유와 입사 후 포부를 기재해 주십시오. (1000자 이내),본인 가치관 근거 현대모비스 지원하게 이유 입사 포부 기재해
247,0,인턴직원 지원동기 및 입사 후 포부,인턴직원 지원동기 입사 포부
248,0,당사를 지원한 동기와 입사 후 포부는 무엇입니까?,당사 지원한 동기 입사 포부 무엇입니까
249,0,YES24의 입사 후 포부,YES24 입사 포부
250,0,지원하신 분야에 합격하신 후 어떤 일들에 도전해보고 싶으신가요? 장래 포부와 함께 적어주세요,지원하신 분야 합격하신 어떤 일들 도전해보고 싶으신가요 장래 포부 적어
251,0,입사 후 포부 : IT 트랜드/기술동향을 고려하여 입사 후 10년 동안 회사에서 이루고자 하는 포부와 그것을 추구하는 이유를 기술해주세요. (1000자 이내),입사 포부 IT 트랜드기술동향 고려 입사 10년 동안 회사 이루고자 포부 그것 추구 이유 기술해
252,0,우리회사에 지원한 동기와 입사 후 포부를 자유롭게 기술하시기 바랍니다. (1000자 이내),우리회사 지원한 동기 입사 포부 자유롭게 기술하시기 바랍니다
253,0,직무 지원 동기 및 입사 후 포부.,직무 지원 동기 입사 포부
254,0,[지원동기 및 포부] 많은 직장 중에서 항공사를 선택하게 된 이유와 특히 대한항공에 지원하게 된 동기 및 입사 후 포부에 대해 구체적으로 기술하시오.(1000자 이내),지원동기 포부 직장 항공사 선택하게 이유 특히 대한항공 지원하게 동기 입사 포부 대해 구체적 기술하
255,0,입사 후 포부와 희망업무.,입사 포부 희망업무
256,0,당사를 지원한 동기와 입사 후 포부에 대해 기술해 주세요. (1000자 이내),당사 지원한 동기 입사 포부 대해 기술해
257,0,입사 후 VISION,입사 VISION
258,0,입사 후 포부 및 원에서의 역할,입사 포부 원에서 역할
259,0,입사 후 포부: 향후 회사에 기여할 수 있는 부분 및 포부에 대해서 기술해주세요.,입사 포부 향후 회사 기여할 부분 포부 기술해
260,0,입사 후 업무추진계획 및 Vision(1000자 이내),입사 업무추진계획 Vision
261,0,지원하신 분야에 합격하신 후 어떤 일들에 도전해보고 싶으신가요? 장래 포부와 함께 적어주세요.,지원하신 분야 합격하신 어떤 일들 도전해보고 싶으신가요 장래 포부 적어
262,0,지원직무에 대한 지원동기 및 입사 후 포부(700자 이내),지원직무 지원동기 입사 포부
263,0,입사동기 및 포부.,입사동기 포부
264,0,트랜드/기술동향을 고려해 입사 후 10년 동안 회사에서 이루고자 하는 포부와 이유. (500),트랜드기술동향 고려해 입사 10년 동안 회사 이루고자 포부 이유 500
265,0,입사 후 각오 및 장래 포부.,입사 각오 장래 포부
266,0,신입사원의 경우 입사 후 포부.,신입사원 경우 입사 포부
267,0,[지원동기 및 포부] 많은 직장 중에서 항공사를 선택하게 된 이유와 특히 대한항공에 지원하게 된 동기 및 입사 후 포부에 대해 구체적으로 기술하시오. (600자 이내),지원동기 포부 직장 항공사 선택하게 이유 특히 대한항공 지원하게 동기 입사 포부 대해 구체적 기술하
268,0,당사를 지원한 동기와 입사 후 포부에 대해 기술하여 주시기 바랍니다.,당사 지원한 동기 입사 포부 대해 기술 주시기 바랍니다
269,0,입사지원 동기와 입사후 포부. (100자 ~ 2000자 제한),입사지원 동기 입사후 포부
270,0,입사후 포부 및 계획(필수),입사후 포부 계획필수
271,0,지월동기 및 입사 후 포부.,지월동기 입사 포부
272,0,지원동기 및 입사 후 포부.,지원동기 입사 포부
273,0,[지원동기 및 포부]많은 직장 중에서 항공사를 선택하게 된 이유와 특히 대한항공에 지원하게 된 동기 및 입사 후 포부에 대해 구체적으로 기술하시오.(600자 이내),지원동기 포부많 직장 항공사 선택하게 이유 특히 대한항공 지원하게 동기 입사 포부 대해 구체적 기술하
274,0,향후 계획 및 포부.,향후 계획 포부
275,0,입사 후 포부: 입사 후 10년 동안의 회사 생활 시나리오와 그것을 추구하는 이유를 기술해 주세요.,입사 포부 입사 10년 동안 회사 생활 시나리오 그것 추구 이유 기술해
276,0,[지원동기 및 포부 ]많은 직장 중에서 항공사를 선택하게 된 이유와 특히 대한항공에 지원하게 된 동기 및 입사 후 포부에 대해 구체적으로 기술하시오. (600자 이내),지원동기 포부 직장 항공사 선택하게 이유 특히 대한항공 지원하게 동기 입사 포부 대해 구체적 기술하
277,0,한샘에서 이루고 싶은 입사 후 포부(VISION)에 대해 기술하시오.,한샘 이루고 입사 포부 대해 기술하
278,0,지원 동기 및 입사 후 포부.,지원 동기 입사 포부
279,0,"입사 후 만들고 싶은 현대글로비스의 모습과, 이를 위한 본인만의 구체적인 실천계획을 기술해 주시길 바랍니다. [목표 및 비전, 직무 관련 미래계획, 포부 등]",입사 만들고 현대글로비스 모습 본인만 구체적인 실천계획 기술해 주시길 바랍니다 목표 비전 직무 미래계획 포부
280,0,입사 후 포부를 기술하여 주십시오.,입사 포부 기술
281,0,지원동기/입사후 포부,지원동기입사후 포부
282,0,5. 입사 후 포부 : 입사 후 10년 동안의 회사생활 시나리오와 그것을 추구하는 이유를 기술해주세요.(500자 16줄 이내),입사 포부 입사 10년 동안 회사생활 시나리오 그것 추구 이유 기술해
283,0,BGF리테일에 지원하게 된 동기와 입사 후 포부에 대하여 기술하시오. (1000자 이내),BGF리테일 지원하게 동기 입사 포부 기술하
284,0,당사에 지원한 동기와 입사 후 포부를 서술하시오,당사 지원한 동기 입사 포부 서술하
285,0,입사 후 포부 : 10년간의 시나리오와 추구하는 이유 (1000자 이내),입사 포부 10년간 시나리오 추구 이유
286,0,게임빌 지원동기 및 입사 후 포부,게임빌 지원동기 입사 포부
287,0,입사후 계획 및 포부 (1000자 이내),입사후 계획 포부
288,0,지원동기 및 입사 후 포부 (1000자 이내),지원동기 입사 포부
289,0,미니스톱을 지원하게 된 동기와 입사 후 포부에 대하여 기술하시오.,미니스톱 지원하게 동기 입사 포부 기술하
290,0,장래 희망 및 포부,장래 희망 포부
291,0,당사를 지원한 동기와 입사 후 포부에 대해 기술하여 주시기 바랍니다. [ 1자 이상 500자 이내 ],당사 지원한 동기 입사 포부 대해 기술 주시기 바랍니다
292,0,"지원동기, 입사 후 포부 및 입사 가능 시기",지원동기 입사 포부 입사 가능 시기
293,0,지원동기 및 입사 후 포부 : 구체적인 지원동기를 기술 * 300자 이상 2000자 이하로 입력하세요.,지원동기 입사 포부 구체적인 지원동기 기술 2000자 이하 입력하
294,0,입사 후 포부 [100Bytes 이상 1500Bytes 이내],입사 포부 100Bytes 이상 1500Bytes 이내
295,0,입사후 포부(1000자 이내),입사후 포부
296,0,"롯데면세점 입사 후 이루고 싶은 목표와 앞으로의 계획, 포부에 대해 이야기해 주십시오. (1000자 이내)",롯데면세점 입사 이루고 목표 앞으로 계획 포부 대해 이야기해
297,0,지원하신 분야에 합격하신 후 어떤 일들에 도전해보고 싶으신가요? 장래 포부와 함께 적어주세요. (2000자 이내),지원하신 분야 합격하신 어떤 일들 도전해보고 싶으신가요 장래 포부 적어
298,0,입사 후 포부 : 입사 후 10년 동안의 회사생활 시나리오와 그것을 추구하는 이유를 기술해 주세요.(1000자 이내),입사 포부 입사 10년 동안 회사생활 시나리오 그것 추구 이유 기술해
299,0,입사 후 자기개발 계획(1000자 이내),입사 자기개발 계획
300,0,입사 후 포부 : 입사 후 10년 동안의 회사생활 시나리오와 그것을 추구하는 이유를 기술해주세요.(1000자 이내),입사 포부 입사 10년 동안 회사생활 시나리오 그것 추구 이유 기술해
301,0,향후 본인이 MD가 된다면 구체적인 계획과 포부를 작성하시오. (1500자),향후 본인 MD 된다면 구체적인 계획 포부 작성하
302,0,[지원동기 및 포부] 많은 직장 중에서 항공사를 선택하게 된 이유와 특히 대한항공에 지원하게 된 동기 및 입사 후 포부에 대해 구체적으로 기술하시오.(600자 이내),지원동기 포부 직장 항공사 선택하게 이유 특히 대한항공 지원하게 동기 입사 포부 대해 구체적 기술하
303,0,[농협생명 입사 후 포부나 면접관에게 꼭 말하고 싶은 점이 있다면 자유롭게 기술하여 주십시오. 500자],농협생명 입사 포부 면접관 있다면 자유롭게 기술 500자
304,0,당사를 지원한 동기와 입사 후 포부에 대해 기술하여 주시기 바랍니다. (1000자 이내),당사 지원한 동기 입사 포부 대해 기술 주시기 바랍니다
305,0,입사 후 포부/계획,입사 포부계획
306,0,입사 후 포부: 입사 후 10년 동안의 회사생활 시나리오와 그것을 추구하는 이유를 기술해주세요. (1000자 이내),입사 포부 입사 10년 동안 회사생활 시나리오 그것 추구 이유 기술해
307,0,입사후 계획 및 포부.,입사후 계획 포부
308,0,당사를 지원한 동기와 입사 후 포부에 대해 기술하여 주시기 바랍니다. [ 500자 이내 ],당사 지원한 동기 입사 포부 대해 기술 주시기 바랍니다
309,0,지원동기 및 입사 후 포부 * [1250자 이내],지원동기 입사 포부
310,0,입사 후 포부(구체적으로) (500자 이하),입사 포부
311,0,입사 전 경력(구체적으로) (500자 이하),입사 경력
312,0,뷰웍스를 지원하게 된 동기 및 입사 후 포부에 대해 구체적으로 기술하시오. (1000자 이내),뷰웍스 지원하게 동기 입사 포부 대해 구체적 기술하
313,0,입사 후 자신의 포부,입사 자신 포부
314,0,지원동기 및 입사 후 포부를 간략히 입력해 주세요.,지원동기 입사 포부 간략히 입력해
315,0,입사 후 포부에 대해 기술하시오. (1000자 이내),입사 포부 대해 기술하
316,0,"현대글로비스 인턴십 과정을 통해 이루고 싶은 단기적인 목표와 향후 본인의 장기적인 미래 계획을 상세히 기술하여 주시길 바랍니다. [미션 및 비전, 입사 포부 등]",현대글로비스 인턴십 과정 이루고 단기적인 목표 향후 본인 장기적인 미래 계획 상세히 기술 주시길 바랍니다 미션 비전 입사 포부
317,0,입사 이후 본인의 향후 계획과 포부를 기술하시오.,입사 이후 본인 향후 계획 포부 기술하
318,0,입사 후 하고 싶은 일과 포부에 대해 기술해주세요.,입사 포부 대해 기술해
319,0,지원동기 및 입사 후 포부(1000자이내),지원동기 입사 포부
320,0,지원동기 및 입사 후 포부 : 구체적인 지원동기를 기술 (1000자 이내),지원동기 입사 포부 구체적인 지원동기 기술
321,0,입사 이후 본인의 직무 비전과 포부를 기술하세요.,입사 이후 본인 직무 비전 포부 기술하
322,0,"입사 후 기대하는 역할 및 포부, 자신의 발전 방향",입사 기대 역할 포부 자신 발전 방향
323,0,본입사 후 포부(Vision)에 대하여.,본입사 포부
324,0,입사해서 하고 싶은 일과 포부 그리고 입사 후 5년 뒤에 자신의 모습을 기술해 주십시오.,입사 포부 그리고 입사 5년 자신 모습 기술해
325,0,입사 후 포부(Vision)에 대하여.(1000자이내),입사 포부
326,0,입사 후 포부 : 입사 후 10년 동안의 회사생활 시나리오와 그것을 추구하는 이유를 적으시오,입사 포부 입사 10년 동안 회사생활 시나리오 그것 추구 이유 적으
327,0,입사 후 포부에 대하여 (400자),입사 포부 400자
328,0,입사를 위한 준비과정,입사 준비과정
329,0,우리회사 지원동기와 입사 후 포부에 대해 자유기술(1000자 이내),우리회사 지원동기 입사 포부 대해 자유기술
330,0,지원동기 및 입사 후 포부 : 구체적인 지원동기를 기술 *300자 이상 2000자 이하로 입력하세요.,지원동기 입사 포부 구체적인 지원동기 기술 2000자 이하 입력하
331,0,입사 후 포부 : 향후 회사에 기여할 수 있는 부분 및 포부에 대해서 기술해주세요. (500자 이내),입사 포부 향후 회사 기여할 부분 포부 기술해
332,0,본사에 지원한 이유와 입사 후 포부에 대해 구체적으로 성취하고자 하는 점을 중심을 작성하십시오.,본사 지원한 이유 입사 포부 대해 구체적 성취하고자 중심 작성하
333,0,"입사 후 만들고 싶은 현대글로비스의 모습과, 이를 위한 본인만의 구체적인 실천 계획을 기술해 주시길 바랍니다. [목표 및 비전, 직무 관련 미래계획, 포부 등] (700자 이내)",입사 만들고 현대글로비스 모습 본인만 구체적인 실천 계획 기술해 주시길 바랍니다 목표 비전 직무 미래계획 포부
334,0,"입사 후 포부(1,000자 이내)",입사 포부
335,0,입사후 포부에 대하여,입사후 포부
336,0,지원한 동기와 입사 후 포부에 대해 자유롭게 기술하시오,지원한 동기 입사 포부 대해 자유롭게 기술하
337,0,[지원동기 및 포부] 많은 직장 중에서 항공사를 선택하게 된 이유와 특히 대한항공에 지원하게 된 동기 및 입사 후 포부에 대해 구체적으로 기술하시오.,지원동기 포부 직장 항공사 선택하게 이유 특히 대한항공 지원하게 동기 입사 포부 대해 구체적 기술하
338,0,그러한 핵심가치를 기반으로 지역난방공사에서 성장하기 위한 포부를 구체적으로 기술하십시오,그러한 핵심가치 기반 지역난방공사 성장하기 포부 구체적 기술하
339,0,본인의 가치관에 근거하여 현대모비스를 지원하게 된 이유와 입사 후 포부를 기재해 주십시오.,본인 가치관 근거 현대모비스 지원하게 이유 입사 포부 기재해
340,0,입사 후 각오 및 장래 포부,입사 각오 장래 포부
341,0,"지원동기 및 입사 후 희망업무, 포부",지원동기 입사 희망업무 포부
342,0,입사후 포부 (500자),입사후 포부 500자
343,0,농산물수출의 포부와 계획 [200byte 이상 1200byte 이내],농산물수출 포부 계획 200byte 이상 1200byte 이내
344,0,입사 후 포부에 대해 말씀해 주십시오,입사 포부 대해 말씀해
345,0,입사 후 포부에 대해,입사 포부 대해
346,0,입사 후 현장 기술자로서 자신이 기여하고 싶은 것과 포부를 기술해 주십시오.,입사 현장 기술자로서 자신 기여 포부 기술해
347,0,지원동기 및 입사 후 포부를 구체적으로 기술해주세요. (400자),지원동기 입사 포부 구체적 기술해 400자
348,0,입사 동기 및 입사 후 포부,입사 동기 입사 포부
349,0,입사 후 현장 기술자로서 자신이 기여하고 싶은 것과 포부를 기술해 주십시오. (500자 이내),입사 현장 기술자로서 자신 기여 포부 기술해
350,0,우리공사 지원사유 및 입사 후 포부에 대해 기술해 주십시오.,우리공사 지원사유 입사 포부 대해 기술해
351,0,본인의 가치관에 근거하여 현대모비스를 지원하게 된 이유와 입사 후 포부를 기재해 주십시오. [1000자 이내],본인 가치관 근거 현대모비스 지원하게 이유 입사 포부 기재해
352,0,입사 후 포부 : IT 트렌드/기술동향을 고려하여입사 후 10년 동안 회사에서 이루고자 하는 포부와 그것을 추구하는 이유를 기술해주세요.,입사 포부 IT 트렌드기술동향 고려하여입사 10년 동안 회사 이루고자 포부 그것 추구 이유 기술해
353,0,지원동기 및 입사 후 포부 (600자 이내),지원동기 입사 포부
354,0,입사후 포부 [800자],입사후 포부 800자
355,0,입사 후 포부(VISION)에 대해 서술하시오,입사 포부 대해 서술하
356,0,"입사 후 만들고 싶은 현대글로비스의 모습과, 이를 위한 본인만의 구체적인 실천 계획을 기술해 주시기 바랍니다.[목표 및 비전, 직무 관련 미래계획, 포부 등](700자 이내)",입사 만들고 현대글로비스 모습 본인만 구체적인 실천 계획 기술해 주시기 바랍니다목표 비전 직무 미래계획 포부
357,0,당사에 지원한 동기와 입사 후 포부를 서술하시오.[500자],당사 지원한 동기 입사 포부 서술하시오500자
358,0,입사 후 포부 및 계획,입사 포부 계획
359,0,입사 후 포부(구체적 서술),입사 포부
360,0,지원한 동기와 입사 후 포부에 대해 자유롭게 기술하시오.,지원한 동기 입사 포부 대해 자유롭게 기술하
361,0,본인의 가치관에 근거하여 현대모비스를 지원하게 된 이유와 입사 후 포부를 기재해 주십시오. * [1000자 이내],본인 가치관 근거 현대모비스 지원하게 이유 입사 포부 기재해
362,0,당사를 지원한 동기와 입사 후 포부는 무엇입니까? (500자),당사 지원한 동기 입사 포부 무엇입니까 500자
363,0,입사 후 포부에 대해 기재해주세요.,입사 포부 대해 기재해
364,0,다양한 직업 중 은행원이 되고 싶은 이유와 향후 DGB 대구은행에 입행 후 포부에 대해 들려주세요.,다양한 직업 은행원 되고 이유 향후 DGB 대구은행 입행 포부 대해 들려
365,0,입사지원 동기 및 장래의 포부,입사지원 동기 장래 포부
366,0,입사 후 포부 : 입사 후 10년 동안의 회사생활 시나리오와 그것을 추구하는 이유를 기술해 주세요. (500자),입사 포부 입사 10년 동안 회사생활 시나리오 그것 추구 이유 기술해 500자
367,0,지원동기 및 입사 후 포부 수정,지원동기 입사 포부 수정
368,0,입사 후 포부 : 입사 후 10년 동안의 회사생활 시나리오와 그것을 추구하는 이유를 기술 (500자),입사 포부 입사 10년 동안 회사생활 시나리오 그것 추구 이유 기술 500자
369,0,지원하게 된 동기와 입사 후 포부에 대하여 기술하여 주십시오.,지원하게 동기 입사 포부 기술
370,0,입사 지원동기와 입사 후 포부를 기술하여 주시기 바랍니다.(1200바이트),입사 지원동기 입사 포부 기술 주시기 바랍니다
371,0,"BGF . 리테일에 지원하게 된 동기와 입사 후 포부에 대하여 기술하시오.* 2,100 Byte 글자수 공백포함 이내 입력",BGF 리테일 지원하게 동기 입사 포부 기술하 2100 Byte 글자수 공백포함 이내 입력
372,0,"입사 후 포부 : 입사 후 10년 동안의 회사생활 시나리오와 그것을 추구하는 이유를 기술해주세요. (글자수 500, 16줄 이내)",입사 포부 입사 10년 동안 회사생활 시나리오 그것 추구 이유 기술해
373,0,본인의 가치관에 근거하여 현대모비스를 지원하게 된 이유와 입사 후 포부를 기재해 주십시오.(1000자),본인 가치관 근거 현대모비스 지원하게 이유 입사 포부 기재해
374,0,당사 지원동기 및 입사 후 포부에 대해 상세하게 기술하시오.,당사 지원동기 입사 포부 대해 상세하게 기술하
375,0,입사 후 포부(VISION)에 대해 기술하세요. (500자 이내),입사 포부 대해 기술하
376,0,지원 동기 및 입사 후 포부를 기술해 주시기 바랍니다,지원 동기 입사 포부 기술해 주시기 바랍니다
377,0,당사 지원동기와 입사 후 포부를 기술하여 주시기 바랍니다.,당사 지원동기 입사 포부 기술 주시기 바랍니다
378,0,아래의 제시어 중 하나를 선택하여 정의를 내려주시고 제시어와 연관지어 입행 후 포부에 대해 작성해주십시오.,아래 제시어 하나 선택 정의 내려주시고 제시어 연관지어 입행 포부 대해 작성해주
379,0,입사 후 포부(Vision)에 대하여. (400자),입사 포부 400자
380,0,지원 동기 및 입사 후 포부 (3000byte 이내),지원 동기 입사 포부
381,0,지원동기 및 입사 후 포부 [1000자 이내],지원동기 입사 포부
382,0,입사 후 하고 싶은 구체적인 직무와 포부를 기술해 주십시오.,입사 구체적인 직무 포부 기술해
383,0,인천국제공항공사 입사 후 10년 내에 성취하고 싶은 포부를 과거 본인의 경험과 연계하여 기술하세요. [100자 이상 600자 이내],인천국제공항공사 입사 10년 성취 포부 과거 본인 경험 연계 기술하
384,0,입사 후 포부 및 공사에서의 역할,입사 포부 공사에서 역할
385,0,입사지원 동기 및 입사 후 포부에 대해 기술하시오,입사지원 동기 입사 포부 대해 기술하
386,0,입사 후 포부 : 입사 후 10년 동안의 회사생활 시나리오와 그것을 추구하는 이유를 기술해주세요. (500자 이내),입사 포부 입사 10년 동안 회사생활 시나리오 그것 추구 이유 기술해
387,0,"㈜한화/무역에 입사한 자신의 모습을 예상해 보고, 입사 후 포부를 기술하시오.(500)",한화무역 입사한 자신 모습 예상해 보고 입사 포부 기술하시오500
388,0,입사 후 포부: 입사 후 10년 동안의 회사생활 시나리오와 그것을 추구하는 이유를 기술해주세요. (500자),입사 포부 입사 10년 동안 회사생활 시나리오 그것 추구 이유 기술해 500자
389,0,[지원동기 및 포부]많은 직장 중에서 항공사를 선택하게 된 이유와 특히 대한항공에 지 원하게 된 동기 및 입사 후 포부에 대해 구체적으로 기술하시오.(600자 이내),지원동기 포부많 직장 항공사 선택하게 이유 특히 대한항공 원하게 동기 입사 포부 대해 구체적 기술하
390,0,입사후 포부에 대해서 기술해 주세요. (2000 Bytes 이내),입사후 포부 기술해
391,0,입사 후 포부(300),입사 포부300
392,0,입사 후 포부(200자),입사 포부200자
393,0,당사를 지원한 동기와 입사 후 포부는 무엇입니까? [400자 이내],당사 지원한 동기 입사 포부 무엇입니까
394,0,"입사 후 선택한 직무를 통해 이루고자 하는 비젼(꿈)과 그에 대한 본인의 성장 계획, 포부 등을 서술해주시기 바랍니다.",입사 선택한 직무 이루고자 비젼꿈 본인 성장 계획 포부 서술해주시기 바랍니다
395,0,입사 후 포부 및 공사에서의 역할 (1300자),입사 포부 공사에서 역할
396,0,지원동기 및 입사 후 포부(100자 이상 ~ 150자 이내),지원동기 입사 포부
397,0,입사 후 VISION과 구체적인 달성계획을 기술해 주십시오.,입사 VISION 구체적인 달성계획 기술해
398,0,입사 후 계획/포부,입사 계획포부
399,0,입사 후 포부 : 입사 후 10년 동안의 회사생활 시나리오와 그것을 추구하는 이유를 기 술해 주세요.(16줄 이내),입사 포부 입사 10년 동안 회사생활 시나리오 그것 추구 이유 술해
400,0,지원동기 및 입사 후 포부 (350자),지원동기 입사 포부 350자
401,0,지원하는 직무 수행을 위한 준비 노력과 입사 후 포부를 기술해주시기 바랍니다.,지원 직무 수행 준비 노력 입사 포부 기술해주시기 바랍니다
402,0,[지원동기 및 포부]많은 직장 중에서 항공사를 선택하게 된 이유와 특히 대한항공에 지원하게 된 동기 및 입사 후 포부에 대해 구체적으로 기술하시오.,지원동기 포부많 직장 항공사 선택하게 이유 특히 대한항공 지원하게 동기 입사 포부 대해 구체적 기술하
403,0,우리공사 지원사유 및 입사 후 포부에 대해 기술해 주십시오. [ 100자 이상 600자 이내 ],우리공사 지원사유 입사 포부 대해 기술해
404,0,"입사 후 포부 : 입사 후 10년 동안의 회사생활 시나리오와 그것을 추구하는 이유를 기술해주세요. (500자, 16줄 이내)",입사 포부 입사 10년 동안 회사생활 시나리오 그것 추구 이유 기술해
405,0,입사 후 포부에 대해 말씀해 주십시오.,입사 포부 대해 말씀해
406,0,지원동기 및 입사 후 포부(600자 이내),지원동기 입사 포부
407,0,입사지원동기 및 장래 포부,입사지원동기 장래 포부
408,0,입사 후 포부(Vision)에 대하여. 800byte,입사 포부 800byte
409,0,"지원한 직무와 관련하여 자신의 강점이 무엇이며, 그러한 강점을 활용한 자신의 입사 후 포부를 기술해주시기 바랍니다",지원한 직무 관련 자신 강점 무엇 그러한 강점 활용한 자신 입사 포부 기술해주시기 바랍니다
410,0,입사 후 포부 : 입사 후 10년 동안의 회사생활 시나리오와 그것을 추구하는 이유를 기술해주세요.(500자 16줄 이내),입사 포부 입사 10년 동안 회사생활 시나리오 그것 추구 이유 기술해
411,0,입사 후 포부(Vision)에 대하여. 800 byte,입사 포부 800 byte
412,0,입사 후 포부 및 5년 후와 10년 후 본인의 모습을 기술하세요. 1000자,입사 포부 5년 10년 본인 모습 기술하 1000자
413,0,입사 후 포부 : 입사 후 10년 동안의 회사생활 시나리오와 그것을 추구하는 이유를 기술해 주세요.(16줄 이내),입사 포부 입사 10년 동안 회사생활 시나리오 그것 추구 이유 기술해
414,0,"나의 미래비전(1,000자 이내) 지향하고자 하는 미래상 또는 포부",미래비전 지향하고자 미래상 포부
415,0,지원동기 및 입사 후 포부 [200자~700자],지원동기 입사 포부 200자700자
416,0,"입사 후 기대하는 역할 및 포부, 자신의 발전 방향에 대하여 기술해주십시오 (800자 이내 서술)",입사 기대 역할 포부 자신 발전 방향 기술해주
417,0,지원동기 및 입사 후 포부 / 800 자,지원동기 입사 포부 800
418,0,컴투스 입사 후 포부,컴투스 입사 포부
419,0,입사 후 포부 : 입사 후 10년 동안 회사생활 시나리오와 그것을 추구하는 이유,입사 포부 입사 10년 동안 회사생활 시나리오 그것 추구 이유
420,0,(지원동기 및 포부)많은 직장 중에서 항공사를 선택하게 된 이유와 특히 대한항공에 지원하게 된 동기 및 입사 후 포부에 대해 구체적으로 기술하시오. (600자),직장 항공사 선택하게 이유 특히 대한항공 지원하게 동기 입사 포부 대해 구체적 기술하 600자
421,0,"입사후 포부 10년 시나리오와 추구 이유,500자",입사후 포부 10년 시나리오 추구 이유500자
422,0,입사 후 포부: 입사 후 10년 동안의 회사생활 시나리오와 그것을 추구하는 이유를 기술해주세요. 500자,입사 포부 입사 10년 동안 회사생활 시나리오 그것 추구 이유 기술해 500자
423,0,"나의 강점/포부: 지원한 직무와 관련하여 자신의 강점이 무엇이며, 그러한 강점을 활용한 자신의 입사 후 포부를 기술해주시기 바랍니다. (700자)",강점포부 지원한 직무 관련 자신 강점 무엇 그러한 강점 활용한 자신 입사 포부 기술해주시기 바랍니다 700자
424,0,입사 후 비전에 대해서,입사 비전
425,0,입사 후 포부를 기술해 주십시오.,입사 포부 기술해
426,0,입사를 위한 준비과정* 300,입사 준비과정 300
427,0,본인의 입사 후 포부에 대해 기술하십시오.,본인 입사 포부 대해 기술하
428,0,"지원한 직무와 관련하여 자신의 강점이 무엇이며, 그러한 강점을 활용한 자신의 입사 후 포부를 기술해주시기 바랍니다.",지원한 직무 관련 자신 강점 무엇 그러한 강점 활용한 자신 입사 포부 기술해주시기 바랍니다
429,0,"지원한 직무와 관련하여 자신의 강점이 무엇이며, 그러한 강점을 활용한 자신의 입사 후 포부를 기술해주시기 바랍니다. (700자)",지원한 직무 관련 자신 강점 무엇 그러한 강점 활용한 자신 입사 포부 기술해주시기 바랍니다 700자
430,0,"지원한 직무와 관련하여 자신의 강점이 무엇이며, 그러한 강점을 활용한 자신의 입사 후 포부를 기술해주시기 바랍니다.[700]",지원한 직무 관련 자신 강점 무엇 그러한 강점 활용한 자신 입사 포부 기술해주시기 바랍니다700
431,0,한샘에서 이루고 싶은 입사 후 포부에 대해 기술하시오. (500자),한샘 이루고 입사 포부 대해 기술하 500자
432,0,입사 후 포부에 대해 기술하시오,입사 포부 대해 기술하
433,0,희망업무 및 장래의 포부,희망업무 장래 포부
434,0,입사 후 포부(200자 이내),입사 포부
435,0,입사 후 포부(Vision)에 대하여.(400자),입사 포부 대하여400자
436,0,당사에 지원한 동기와 입사 후 포부를 서술하시오. (30자~500자),당사 지원한 동기 입사 포부 서술하
437,0,지원동기 입사 후 포부,지원동기 입사 포부
438,0,"입사 후 포부 : 입사 후 직책 별(사원,대리,매니저,팀장) 회사생활 시나리오와 그것을 추구하는 이유를 기술해주세요. (500자)",입사 포부 입사 직책 회사생활 시나리오 그것 추구 이유 기술해 500자
439,0,입사 후 포부 : 입사 후 10년 동안의 회사생활 시나리오 / 그것을 추구하는 이유 <500>,입사 포부 입사 10년 동안 회사생활 시나리오 그것 추구 이유 500
440,0,웅진씽크빅 영업 인턴 관리자로 입사 후 포부를 기술해 주시기 바랍니다.,웅진씽크빅 영업 인턴 관리자 입사 포부 기술해 주시기 바랍니다
441,0,"특기/취미, 입사 후 포부",특기취미 입사 포부
442,0,자유양식 : 입사 후 포부,자유양식 입사 포부
443,0,지원동기 및 입사 후 포부(10년 후 나의 모습)를 기술해 주시기 바랍니다,지원동기 입사 포부 기술해 주시기 바랍니다
444,0,<역량 및 입사 후 포부>,역량 입사 포부
445,0,지원동기 및 입사 후 포부 (각오),지원동기 입사 포부 각오
446,0,입사 후 포부를 작성해 주세요. 0 / 300자,입사 포부 작성해 300자
447,0,지원동기 및 입사 후 포부 [100자 이상 600자 이내],지원동기 입사 포부
448,0,지원동기와 입사 후 포부를 기술하여 주십시오.,지원동기 입사 포부 기술
449,0,입사를 위한 준비과정 300자,입사 준비과정 300자
450,0,입사 이후 본인의 향후 계획과 포부 500자,입사 이후 본인 향후 계획 포부 500자
451,0,"마지막으로, 입사 후 계획이나 포부를 들어보고 싶습니다.",마지막 입사 계획 포부 들어보고
452,0,포부(10년후모습),포부
453,0,직무분야에 입사하기 위해 노력한 점과 입사 후 포부,직무분야 입사하기 노력한 입사 포부
454,0,"지원한 직무와 관련하여 자신의 강점이 무엇이며, 그러한 강점을 활용한 자신의 입사 후 포부를 기술해주시기 바랍니다. 700자",지원한 직무 관련 자신 강점 무엇 그러한 강점 활용한 자신 입사 포부 기술해주시기 바랍니다 700자
455,0,입사 후 포부 : 입사 후 10년 동안의 회사생활 시나리오와 그것을 추구하는 이유를 기술해 주요.(16줄 이내),입사 포부 입사 10년 동안 회사생활 시나리오 그것 추구 이유 기술해 주요
456,0,지원동기와 입사 후 포부,지원동기 입사 포부
457,0,지원동기 및 입사 후 포부 (300자),지원동기 입사 포부 300자
458,0,많은 직장 중에서 항공사를 선택하게 된 이유와 특히 대한항공에 지원하게 된 동기 및 입사 후 포부에 대해 구체적으로 기술하시오.,직장 항공사 선택하게 이유 특히 대한항공 지원하게 동기 입사 포부 대해 구체적 기술하
459,0,입사 후 포부를 작성해 주세요. (300자),입사 포부 작성해 300자
460,0,입사 후 포부(Vision)에 대하여. [800 byte],입사 포부 800 byte
461,0,입사 후 포부 (600자 이내),입사 포부
462,0,"입사 후 계획, 포부",입사 계획 포부
463,0,입사 후 포부(Vision)에 대하여. (800byte),입사 포부
464,0,지원동기 및 입사 후 포부(500자 이내),지원동기 입사 포부
465,0,입사 후 포부는 무엇이며 그것을 추구하는 이유를 서술해 주십시오.,입사 포부 무엇 그것 추구 이유 서술해
466,0,입사 후 포부(Vision)에 대하여. (800 byte),입사 포부
467,0,입사 후 포부 : 입사 후 10년 동안의 회사생활 시나리오와 그것을 추구하는 이유를 기술해주세요. (500),입사 포부 입사 10년 동안 회사생활 시나리오 그것 추구 이유 기술해 500
468,0,"장기적인 경력목표(Career Goal)는 무엇이며, 그 목표를 이루기 위한 계획 및 포부에 대해 기술하여주십시오. (2000자)",장기적인 경력목표 무엇 목표 이루기 계획 포부 대해 기술하여주
469,0,입사를 위한 준비과정 (300자),입사 준비과정 300자
470,0,2. 지원동기 및 입사 후 포부,지원동기 입사 포부
471,0,입사 후 포부에 대하여 (800바이트),입사 포부
472,0,입사 후 포부 : 입사 후 10년 동안의 회사생활 시나리오와 그것을 추구하는 이유를 기술해주세요.(16줄 이내),입사 포부 입사 10년 동안 회사생활 시나리오 그것 추구 이유 기술해
473,0,"[인턴사원이 된다면] 인턴십 기간 동안의 본인의 계획 및 목표, 포부를 자유롭게 기술하세요.",인턴사원 된다면 인턴십 기간 동안 본인 계획 목표 포부 자유롭게 기술하
474,0,입원 후 포부 및 계획,입원 포부 계획
475,0,"3. 지원한 직무와 관련하여 자신의 강점이 무엇이며, 그러한 강점을 활용한 자신의 입사 후 포부를 기술해주시기 바랍니다. (100자 ~ 700자)",지원한 직무 관련 자신 강점 무엇 그러한 강점 활용한 자신 입사 포부 기술해주시기 바랍니다
476,0,"특기/ 취미, 입사 후 포부",특기 취미 입사 포부
